proyecto,id_expediente,tipo,estado,titular,comuna,region,inversion_mmusd,fecha_ingreso,fecha_admisibilidad,fecha_solicitud_evaluacion,fecha_icsara_1,fecha_pac_1,fecha_ultimo_pac,fecha_adenda_1,fecha_ultima_adenda,fecha_ice,fecha_rca
Proyecto Ciclón Exploradora,2155609426,EIA,No calificado,Eco Earth Elements SpA,,Región de Antofagasta,"110,0000",11/04/2022,19/04/2022,19/04/2022,,,,,,,
Parque Eolico Wayra (primer ingreso),2155483400,EIA,Desistido,HYTEC SpA,,Región de Antofagasta,"623,9000",28/03/2022,04/04/2022,04/04/2022,30/06/2022,21/07/2022,21/07/2022,03/07/2023,03/07/2023,,
Aguas Marítimas (tercer ingreso),2155242272,EIA,En Calificación (Activo),CRAMSA INFRAESTRUCTURA SPA,,Región de Antofagasta,"5.000,0000",01/03/2022,07/03/2022,07/03/2022,31/05/2022,24/06/2022,28/06/2024,27/03/2024,27/02/2026,,
Aguas Marítimas (segundo ingreso),2155217256,EIA,Desistido,CRAMSA INFRAESTRUCTURA SPA,,Región de Antofagasta,"5.000,0000",24/02/2022,,,,,,,,,
Plan de Reducción de Extracciones en el Salar de Atacama,2154490427,EIA,En Calificación (Activo),Nova Andino Litio SpA,,Región de Antofagasta,"0,7780",24/01/2022,31/01/2022,31/01/2022,26/04/2022,26/07/2022,19/02/2024,13/02/2023,16/02/2026,,
Aguas Marítimas (primer ingreso),2154810655,EIA,Desistido,CRAMSA INFRAESTRUCTURA SPA,,Región de Antofagasta,"5.000,0000",27/01/2022,,,,,,,,,
Complejo Tecnológico NorQuim para la Producción y Almacenamiento de Metanol,2168003485,EIA,En Calificación (Activo),NORQUIM SPA,Mejillones,Región de Antofagasta,"1.200,0000",27/03/2026,02/04/2026,02/04/2026,,,,,,,
"Modificación de la Operación Actual, Proyecto TED: Transición Hacia Extracción Directa de Litio",2168003562,EIA,En Calificación (Activo),Albemarle Limitada,San Pedro de Atacama,Región de Antofagasta,"3.100,0000",25/03/2026,01/04/2026,01/04/2026,,,,,,,
Continuidad Operacional Minera El Abra y Desarrollo de Planta Concentradora con Transición Hídrica a Agua Desalada,2167925893,EIA,En Calificación (Activo),Sociedad Contractual Minera El Abra,Calama,Región de Antofagasta,"7.500,0003",19/03/2026,26/03/2026,26/03/2026,,,,,,,
Continuidad del Proceso de Lixiviación y Adecuaciones al Proyecto Minero Distrito Sierra Gorda,2167333401,EIA,En Calificación (Activo),"CODELCO Chile, División Radomiro Tomic",Sierra Gorda,Región de Antofagasta,"1.300,0000",13/01/2026,20/01/2026,20/01/2026,,,,,,,
Ampliación y Mejoras en Planta de Procesamiento de Minerales Las Luces,2165983838,EIA,En Calificación (Suspendido),Minera Las Cenizas S.A.,,Región de Antofagasta,"100,0000",16/09/2025,25/09/2025,25/09/2025,22/12/2025,20/01/2026,20/01/2026,,,,
"Proyecto Híbrido Solar, Eólico y de Almacenamiento de Energía Llanura Solar",2166050386,EIA,En Calificación (Suspendido),,,Región de Antofagasta,"1.300,0000",18/08/2025,21/08/2025,21/08/2025,18/11/2025,05/01/2026,05/01/2026,,,,
"Proyecto Híbrido Solar, Eólico y de Almacenamiento de Energía Llanura Solar",2165799585,EIA,Desistido,,,Región de Antofagasta,"1.300,0000",11/08/2025,,,,,,,,,
Proyecto Minero Tovaku,2165803565,EIA,En Calificación (Suspendido),Sociedad Punta del Cobre S.A.,,Región de Antofagasta,"870,0000",23/07/2025,29/07/2025,29/07/2025,23/10/2025,10/12/2025,10/12/2025,21/01/2026,21/01/2026,,
Parque Híbrido Eólico y Solar Vientos de Taltal,2164484061,EIA,En Calificación (Suspendido),Vientos de Taltal SpA,,Región de Antofagasta,"750,0000",11/03/2025,17/03/2025,17/03/2025,12/06/2025,08/07/2025,08/07/2025,23/01/2026,23/01/2026,,
Continuidad Operacional y Transición Hídrica Proyecto Minero División Gabriela Mistral,2163929543,EIA,En Calificación (Suspendido),Codelco Chile División Gabriela Mistral,,Región de Antofagasta,"868,0000",23/12/2024,30/12/2024,30/12/2024,25/03/2025,17/04/2025,17/04/2025,30/10/2025,30/10/2025,,
Parque Eólico y Solar Thayari,2163860140,EIA,En Calificación (Suspendido),,,Región de Antofagasta,"407,0000",24/12/2024,30/12/2024,30/12/2024,21/03/2025,05/05/2025,05/05/2025,27/11/2025,27/11/2025,,
INNA - Proyecto Integrado de Infraestructura Energética para la Generación,2163335618,EIA,Desistido,INNA Soluciones Renovables SpA.,,Región de Antofagasta,"10.000,0000",20/12/2024,27/12/2024,30/12/2024,24/03/2025,19/06/2025,19/06/2025,,,,
Continuidad Operacional Mina Las Luces y Modificación Método de Explotación,2163855776,EIA,En Calificación (Suspendido),Minera Las Cenizas S.A.,,Región de Antofagasta,"12,5000",16/12/2024,20/12/2024,20/12/2024,18/03/2025,19/05/2025,19/05/2025,27/11/2025,27/11/2025,,
"Central de Bombeo Paposo para almacenamiento, generación y transporte de energía",2162293769,EIA,No calificado,Sociedad Colbún S.A.,,Región de Antofagasta,"1.400,0000",10/06/2024,14/06/2024,14/06/2024,,,,,,,
Central de Bombeo Paposo,2162064165,EIA,Desistido,Sociedad Colbún S.A.,,Región de Antofagasta,"1.400,0000",03/06/2024,,,,,,,,,
Proyecto Volta - Planta de Hidrógeno y Amoníaco Verde,2161262741,EIA,Aprobado,Volta Hidrógeno SpA,,Región de Antofagasta,"2.500,0000",23/02/2024,29/02/2024,29/02/2024,28/05/2024,18/06/2024,18/06/2024,11/04/2025,02/09/2025,02/12/2025,17/12/2025
Parque Híbrido Vientos del Desierto,2160610294,EIA,Desistido,Vientos del Desierto SPA,,Región de Antofagasta,"650,0000",05/12/2023,11/12/2023,11/12/2023,05/03/2024,09/04/2024,09/04/2024,,,,
Parque Eólico Wayra,2160034555,EIA,Aprobado,,,Región de Antofagasta,"623,9000",12/09/2023,20/09/2023,20/09/2023,19/12/2023,25/01/2024,05/02/2026,12/09/2024,06/11/2025,14/01/2026,05/02/2026
Desarrollo Futuro DMH,2159674786,EIA,Aprobado,División Ministro Hales de Codelco Chile,,Región de Antofagasta,"2.800,0000",01/08/2023,08/08/2023,08/08/2023,09/11/2023,26/02/2024,16/12/2024,19/06/2024,30/09/2025,06/01/2026,28/01/2026
Extensión de vida útil con transición hídrica - Compañía Minera Zaldívar,2159410455,EIA,Aprobado,Compañía Minera Zaldívar SpA,,Región de Antofagasta,"1.200,0000",20/06/2023,28/06/2023,28/06/2023,25/09/2023,18/10/2023,11/11/2024,28/03/2024,13/03/2025,07/05/2025,20/05/2025
Extensión El Way Este,2158996386,EIA,Aprobado,Bio Bio Cementos S.A.,,Región de Antofagasta,"75,0000",17/04/2023,24/04/2023,25/04/2023,20/07/2023,14/08/2023,17/06/2024,20/03/2024,19/05/2025,15/07/2025,08/08/2025
Parque Híbrido Pampas,2158632264,EIA,Aprobado,Energía Eólica Pampas SpA,,Región de Antofagasta,"800,0000",20/02/2023,27/02/2023,27/02/2023,24/05/2023,12/06/2023,12/06/2023,17/11/2023,13/06/2024,16/08/2024,09/09/2024
Adecuación Operacional Spence,2158456424,EIA,Aprobado,Minera Spence S.A,Sierra Gorda,Región de Antofagasta,"1.652,0000",01/02/2023,07/02/2023,07/02/2023,03/05/2023,19/05/2023,19/05/2023,26/10/2023,23/10/2024,18/12/2024,09/01/2025
AMPLIACIÓN DE LA EXPLOTACIÓN SUBTERRÁNEA MINA CHIQUILLA CHICA Y DE LA CONTINUIDAD OPERACIONAL DE FAENA MINERA EL PEÑÓN,2167733127,DIA,En Calificación (Activo),Minera Meridian Limitada,,Región de Antofagasta,"1,5000",26/03/2026,02/04/2026,02/04/2026,,,,,,,
"Nueva Planta Concentradora, obras eléctricas, actualización movimiento mina e implementación de obras complementarias en Minera Escondida",2167965265,DIA,En Calificación (Activo),MINERA ESCONDIDA LIMITADA,,Región de Antofagasta,"5.150,0001",16/03/2026,18/03/2026,18/03/2026,,,,,,,
Pozo de Áridos Explonorte,2167913597,DIA,En Calificación (Activo),EXPLONORTE CHILE SPA.,,Región de Antofagasta,"10,0000",27/02/2026,06/03/2026,06/03/2026,,,,,,,
Modificación Terminal Interacid Aumento de Capacidad de Almacenamiento de Ácido Sulfúrico,2167683452,DIA,En Calificación (Suspendido),Interacid Trading (Chile) S.A.,,Región de Antofagasta,"20,0000",05/02/2026,11/02/2026,11/02/2026,25/03/2026,,,,,,
Parque Fotovoltaico Elena 2,2167655014,DIA,En Calificación (Suspendido),,,Región de Antofagasta,"577,0000",30/01/2026,04/02/2026,04/02/2026,18/03/2026,,,,,,
Modificación Terminal Mejillones Terquim,2167491318,DIA,En Calificación (Suspendido),,,Región de Antofagasta,"50,0000",15/01/2026,22/01/2026,22/01/2026,05/03/2026,,,,,,
Mejoramiento de la Fibra Óptica del Proyecto Sistema de Transmisión 500 kV Mejillones Cardones,2167323838,DIA,En Calificación (Suspendido),Transmisora Eléctrica del Norte S.A,,Región de Antofagasta,"2,5000",12/01/2026,14/01/2026,14/01/2026,25/02/2026,,,,,,
Regularización de instalaciones complementarias a la operación del Proyecto Planta desalinizadora y suministro de agua industrial. Modificación de RCA 217/2017,2167503858,DIA,En Calificación (Suspendido),Caitan SpA,,Región de Antofagasta,"1,2000",07/01/2026,14/01/2026,14/01/2026,25/02/2026,,,,,,
"Depósito de seguridad de Residuos Peligrosos, no peligrosos y Centro de reciclaje",2167445096,DIA,En Calificación (Suspendido),Limfosep S.p.A,,Región de Antofagasta,"84,4912",06/01/2026,09/01/2026,09/01/2026,20/02/2026,,,,,,
Parque Fotovoltaico y Línea de Transmisión para el Abastecimiento de Instalaciones SQM,2166736529,DIA,En Calificación (Suspendido),SQM S.A.,,Región de Antofagasta,"111,0000",26/12/2025,30/12/2025,30/12/2025,11/02/2026,,,,,,
Parque Fotovoltaico Ckoirama Solar,2167301070,DIA,En Calificación (Suspendido),CI GMF II La Negra ProjectCo SpA,,Región de Antofagasta,"500,0000",19/12/2025,24/12/2025,24/12/2025,06/02/2026,,,,,,
"Depósito de seguridad de Residuos Peligrosos, no peligrosos y Centro de reciclaje",2167312915,DIA,Desistido,Limfosep S.p.A,,Región de Antofagasta,"84,4912",23/12/2025,,,,,,,,,
Conversión a gas natural y mejoras operacionales al Proyecto Central Térmica Andino del Complejo Termoeléctrico Mejillones,2166915385,DIA,En Calificación (Suspendido),Engie Energía Chile S.A.,,Región de Antofagasta,"59,0000",18/12/2025,22/12/2025,22/12/2025,04/02/2026,,,,,,
Aumento de Capacidad Diaria de Producción de la Planta MSMR La Negra,2167255967,DIA,En Calificación (Suspendido),Michelin Specialty Materials Recovery SpA,,Región de Antofagasta,"2,0000",11/12/2025,17/12/2025,17/12/2025,30/01/2026,,,,,,
Sistema de Almacenamiento de Energía BESS y Línea de Transmisión - Imilac,2167246311,DIA,En Calificación (Suspendido),FPG Imilac SpA,,Región de Antofagasta,"270,0000",04/12/2025,11/12/2025,11/12/2025,23/01/2026,,,,,,
Mejoramiento de la Fibra Óptica del Proyecto Sistema de Transmisión 500 kV Mejillones Cardones,2166756354,DIA,Desistido,Transmisora Eléctrica del Norte S.A,,Región de Antofagasta,"2,5000",04/12/2025,,,,,,,,,
Parque Fotovoltaico Ckoirama Solar,2166819297,DIA,Desistido,CI GMF II La Negra ProjectCo SpA,,Región de Antofagasta,"500,0000",02/12/2025,,,,,,,,,
Extensión Vida Útil Compañía Minera Lomas Bayas 2038,2166889895,DIA,En Calificación (Suspendido),Compañía Minera Lomas Bayas,,Región de Antofagasta,"103,0000",18/11/2025,25/11/2025,25/11/2025,09/01/2026,,,,,,
Ampliación Vertedero de Disposición Residuos Sólidos No Peligrosos Manjarcito - RECIMAT,2166682622,DIA,En Calificación (Suspendido),Procesadora de Residuos Industriales Ltda. Recimat Ltda.,,Región de Antofagasta,"1,3000",30/10/2025,06/11/2025,06/11/2025,18/12/2025,,,,,,
Extensión del Acueducto Planta de Tratamiento de Aguas Servidas Antofagasta Econssa para el Abastecimiento de Agua Tratada a Compañía Minera Lomas Bayas,2166612801,DIA,En Calificación (Suspendido),Empresa Concesionaria de Servicios Sanitarios S.A. o ECONSSA Chile S.A,,Región de Antofagasta,"145,0000",21/10/2025,27/10/2025,27/10/2025,10/12/2025,,,,,,
"Optimización Operacional en Pila de Lixiviación de Sulfuros y Planta de Emulsión Matriz; Nuevas Obras Eléctricas, Planta de Tratamiento de Aguas Servidas, Relleno Sanitario, Sitio de Empréstito y Obras Auxiliares en Minera Escondida",2166423458,DIA,En Calificación (Activo),MINERA ESCONDIDA LIMITADA,,Región de Antofagasta,"1.300,0000",03/10/2025,09/10/2025,09/10/2025,21/11/2025,16/02/2026,16/02/2026,04/03/2026,04/03/2026,,
Modificación Centro de Residuos de Mejillones,2166304646,DIA,En Calificación (Suspendido),Ilustre Municipalidad de Mejillones,,Región de Antofagasta,"0,5500",11/09/2025,17/09/2025,17/09/2025,03/11/2025,,,,,,
EXPLORER,2166173070,DIA,Otro,Eduardo Alberto Carneiro Barañados,,Región de Antofagasta,"0,0010",28/08/2025,04/09/2025,,,,,,,,
Sistema de Almacenamiento de Energía Águila Mora,2166187544,DIA,En Calificación (Activo),Aguila Mora SPA,,Región de Antofagasta,"336,0000",29/08/2025,04/09/2025,04/09/2025,20/10/2025,,,08/01/2026,27/03/2026,,
Prospección Minera Proyecto Cachinal,2165689990,DIA,En Calificación (Suspendido),Minera Cachinal SA,,Región de Antofagasta,"25,0000",16/07/2025,22/07/2025,22/07/2025,03/09/2025,,,30/01/2026,30/01/2026,,
Optimización al Sistema de Distribución de Agua Potable en el Sector Norte de la ciudad de Antofagasta,2165678467,DIA,En Calificación (Activo),Aguas de Antofagasta S.A,,Región de Antofagasta,"18,0000",03/07/2025,08/07/2025,08/07/2025,20/08/2025,,,11/03/2026,11/03/2026,,
Prospección Minera Proyecto Capricornio,2165488809,DIA,En Calificación (Suspendido),Minera Capricornio SCM,,Región de Antofagasta,"25,0000",12/06/2025,19/06/2025,19/06/2025,04/08/2025,,,19/11/2025,19/11/2025,,
Continuidad Operacional Planta Cerro Dominador,2165314413,DIA,En Calificación (Activo),Salva-21 SpA,,Región de Antofagasta,"3,0000",20/05/2025,27/05/2025,27/05/2025,09/07/2025,,,11/12/2025,31/03/2026,,
Parque Fotovoltaico con capacidad de almacenamiento Valle de las Estrellas,2163869691,DIA,En Calificación (Suspendido),Valle de las Estrellas Solar SpA,,Región de Antofagasta,"19,8000",12/05/2025,16/05/2025,16/05/2025,01/07/2025,,,23/01/2026,23/01/2026,,
Nueva Línea de Alta Tensión 1x220 kV para Soporte de Suministro Eléctrico Minera Spence,2165032673,DIA,Aprobado,Minera Spence S.A,,Región de Antofagasta,"51,5200",30/04/2025,08/05/2025,08/05/2025,23/06/2025,,,29/08/2025,30/10/2025,27/11/2025,24/12/2025
CENTRO DE ALMACENAMIENTO DE SUSTANCIAS PELIGROSAS DEL NORTE,2163973518,DIA,Rechazado,Sociedad Constructora Altamar Limitada,,Región de Antofagasta,"2,0000",14/04/2025,22/04/2025,22/04/2025,05/06/2025,,,21/08/2025,30/01/2026,25/02/2026,10/03/2026
"Modificaciones Operacionales en Planta Concentradora Laguna Seca y Nueva Línea Eléctrica Asociada, al Interior de Minera Escondida",2164534221,DIA,Aprobado,MINERA ESCONDIDA LIMITADA,,Región de Antofagasta,"2.351,0001",05/03/2025,12/03/2025,12/03/2025,23/04/2025,08/08/2025,08/08/2025,04/07/2025,22/08/2025,17/09/2025,15/10/2025
Optimización Planta Recuperadora de Metales,2164490479,DIA,Aprobado,PLANTA RECUPERADORA DE METALES SpA,,Región de Antofagasta,"0,9700",05/03/2025,11/03/2025,11/03/2025,22/04/2025,,,10/07/2025,10/07/2025,03/09/2025,29/09/2025
"Sistema de Almacenamiento de Energía (BESS) en Subestación Eléctrica Los Changos, Ríos de Ribagorda",2164450260,DIA,Aprobado,Ríos Chile Machalí SpA.,,Región de Antofagasta,"281,0000",18/02/2025,20/02/2025,20/02/2025,03/04/2025,,,30/07/2025,03/11/2025,27/11/2025,24/12/2025
"Sistema de Almacenamiento de Energía (BESS) en Subestación Eléctrica El Tesoro, Ríos de Tudela",2164450174,DIA,Aprobado,Ríos Centinela SpA,,Región de Antofagasta,"60,3000",18/02/2025,20/02/2025,20/02/2025,02/04/2025,,,30/07/2025,05/12/2025,06/01/2026,28/01/2026
Construcción y operación de seis Polvorines para almacenamiento de productos explosivos en Planta Río Loa de Enaex Servicios S.A.,2163976571,DIA,En Calificación (Activo),Enaex Servicios S.A.,,Región de Antofagasta,"2,0000",17/02/2025,20/02/2025,20/02/2025,02/04/2025,05/11/2025,05/11/2025,30/10/2025,30/03/2026,,
Proyecto Modificación y continuidad operacional Rajo Mirador y El Llano con aumento de capacidad Depósito Ripios Tesoro. Minera Centinela,2163763372,DIA,Aprobado,Minera Centinela.,,Región de Antofagasta,"7,1480",10/02/2025,14/02/2025,14/02/2025,27/03/2025,,,27/08/2025,26/02/2026,30/03/2026,
"Sistema de Almacenamiento de Energía (BESS) en Subestación Eléctrica El Tesoro, Ríos de Tudela",2164331791,DIA,Desistido,Ríos Centinela SpA,,Región de Antofagasta,"60,3000",10/02/2025,,,,,,,,,
"Sistema de Almacenamiento de Energía (BESS) en Subestación Eléctrica Los Changos, Ríos de Ribagorda",2164331876,DIA,Desistido,Ríos Chile Machalí SpA.,,Región de Antofagasta,"281,0000",07/02/2025,,,,,,,,,
Prospección Minera para la caracterización del deposito de minerales Cachorro.,2164186032,DIA,Aprobado,Antofagasta Minerals S.A.,,Región de Antofagasta,"220,0000",21/01/2025,27/01/2025,27/01/2025,10/03/2025,,,30/06/2025,25/09/2025,21/10/2025,14/11/2025
Parque fotovoltaico con capacidad de almacenamiento Gaviota Solar,2164246345,DIA,Aprobado,Gaviota Solar SpA,,Región de Antofagasta,"28,0000",17/01/2025,23/01/2025,23/01/2025,06/03/2025,,,24/07/2025,07/11/2025,03/12/2025,05/01/2026
"Ampliación Campaña de Sondajes de Exploración, El Abra",2164081430,DIA,Aprobado,Sociedad Contractual Minera El Abra,,Región de Antofagasta,"3,5000",09/01/2025,15/01/2025,15/01/2025,26/02/2025,02/06/2025,02/06/2025,03/07/2025,03/10/2025,30/10/2025,25/11/2025
Parque Fotovoltaico con capacidad de almacenamiento Gaviota Solar,2164102638,DIA,Otro,Gaviota Solar SpA,,Región de Antofagasta,"28,0000",09/01/2025,15/01/2025,,,,,,,,
Proyecto Minero de Cobre Óxidos Marimaca,2163952036,DIA,Aprobado,Compañía Minera Cielo Azul Limitada,,Región de Antofagasta,"500,0000",27/12/2024,03/01/2025,03/01/2025,14/02/2025,24/06/2025,24/06/2025,24/07/2025,06/10/2025,29/10/2025,25/11/2025
Modificación Pila de Lixiviación Sulfolix El Abra,2163859477,DIA,Aprobado,Sociedad Contractual Minera El Abra,,Región de Antofagasta,"741,0000",11/12/2024,18/12/2024,18/12/2024,31/01/2025,17/04/2025,07/10/2025,30/05/2025,19/08/2025,11/09/2025,07/10/2025
Modificación de la Etapa II del Parque Eólico Antofagasta,2163775189,DIA,Aprobado,Parque Eólico Antofagasta SpA,,Región de Antofagasta,"671,7440",06/12/2024,12/12/2024,12/12/2024,27/01/2025,25/06/2025,25/06/2025,06/06/2025,14/08/2025,11/09/2025,07/10/2025
Continuidad Operacional y Modificaciones Proyecto Ecometales,2163780303,DIA,Aprobado,Ecometales Limited Agencia en Chile,,Región de Antofagasta,"40,0000",26/11/2024,02/12/2024,02/12/2024,15/01/2025,19/05/2025,09/12/2025,30/05/2025,16/10/2025,12/11/2025,09/12/2025
Continuidad Operacional y Modificaciones Proyecto EcoMetales,2163678423,DIA,Desistido,Oscar Augusto Castañeda Calderón,,Región de Antofagasta,"0,0400",15/11/2024,,,,,,,,,
Explotación Mina Aguilucho,2163480685,DIA,Aprobado,Minera Las Cenizas S.A.,,Región de Antofagasta,"12,5000",08/11/2024,13/11/2024,13/11/2024,24/12/2024,,,30/04/2025,28/08/2025,26/09/2025,21/10/2025
"Extensión vida útil y mejoras operativas Unidad 3, Central Térmica Mejillones",2163247837,DIA,Aprobado,Engie Energía Chile S.A.,,Región de Antofagasta,"13,0000",25/10/2024,04/11/2024,04/11/2024,16/12/2024,03/04/2025,01/12/2025,14/05/2025,10/10/2025,06/11/2025,01/12/2025
Modificación de las Instalaciones productivas y transporte de nitratos faena minera Coya Sur,2163446141,DIA,Aprobado,SQM Industrial S.A.,,Región de Antofagasta,"250,0000",15/10/2024,22/10/2024,22/10/2024,05/12/2024,,,30/04/2025,22/08/2025,17/09/2025,13/10/2025
Bodegas Sustancias Peligrosas FG,2163245108,DIA,Aprobado,FG LOGÍSTICA SpA.,,Región de Antofagasta,"3,0000",04/10/2024,09/10/2024,09/10/2024,22/11/2024,,,29/05/2025,01/09/2025,26/09/2025,20/10/2025
Modificación Faena Minera Pampa Blanca mediante la Incorporación de nueva área de acopio de sales de descarte,2163225770,DIA,Aprobado,SQM Industrial S.A.,,Región de Antofagasta,"2,5810",25/09/2024,01/10/2024,01/10/2024,14/11/2024,,,31/01/2025,30/05/2025,27/06/2025,22/07/2025
Nuevos Polvorines Planta Río Loa,2162900591,DIA,Otro,Enaex Servicios S.A.,,Región de Antofagasta,"2,0000",14/09/2024,23/09/2024,,,,,,,,
"Nueva Subestación Eléctrica Seccionadora Llullaillaco y Línea de Seccionamiento, Ruta 5 Norte Km 1.207",2163217753,DIA,Aprobado,Sociedad Colbún S.A.,,Región de Antofagasta,"25,0000",09/09/2024,12/09/2024,12/09/2024,29/10/2024,,,28/01/2025,29/04/2025,30/05/2025,24/06/2025
Construcción Línea de Transmisión Eléctrica Soterrada Alternativa para la Planta Desaladora Antofagasta,2163156714,DIA,Aprobado,Aguas de Antofagasta S.A,,Región de Antofagasta,"0,2413",06/09/2024,09/09/2024,09/09/2024,24/10/2024,,,27/12/2024,28/02/2025,26/03/2025,17/04/2025
"Nueva Subestación Eléctrica Seccionadora Llullaillaco y Línea de Seccionamiento, Ruta 5 Norte Km 1.207",2162750184,DIA,Desistido,Sociedad Colbún S.A.,,Región de Antofagasta,"25,0000",06/09/2024,,,,,,,,,
Bodegas Sustancias Peligrosas FG,2163034359,DIA,Desistido,FG LOGÍSTICA SpA.,,Región de Antofagasta,"3,0000",02/09/2024,,,,,,,,,
Construcción Línea de Transmisión Eléctrica Soterrada Alternativa para la Planta Desaladora Antofagasta,2163075467,DIA,Desistido,Aguas de Antofagasta S.A,,Región de Antofagasta,"0,2413",31/08/2024,,,,,,,,,
Nuevos Polvorines Planta Río Loa,2162701869,DIA,Desistido,Enaex Servicios S.A.,,Región de Antofagasta,"2,0000",31/07/2024,,,,,,,,,
Transporte Terrestre de Óxido cálcico en la Región de Antofagasta: Incremento en la Frecuencia,2162687606,DIA,Aprobado,Servicios de Transporte Integrado Limitada,,Región de Antofagasta,"4,5000",23/07/2024,29/07/2024,29/07/2024,10/09/2024,,,02/12/2024,19/02/2025,13/03/2025,04/04/2025
Parque Fotovoltaico Altos del Sol,2162563843,DIA,Aprobado,San Carlos SpA,,Región de Antofagasta,"1.375,0001",12/07/2024,22/07/2024,22/07/2024,03/09/2024,,,05/12/2024,03/03/2025,26/03/2025,17/04/2025
"Envasado, Carguío y Despacho de Ácido Nítrico",2162602850,DIA,Aprobado,ENAEX S.A.,,Región de Antofagasta,"0,2957",11/07/2024,17/07/2024,17/07/2024,29/08/2024,,,30/12/2024,16/05/2025,12/06/2025,07/07/2025
Modificación de instalaciones de Antofagasta Terminal Internacional: Habilitación de zona de acopios transitorios de contenedores con mercancías peligrosas,2162572486,DIA,Aprobado,Antofagasta Terminal Internacional S.A.,,Región de Antofagasta,"0,3070",08/07/2024,15/07/2024,15/07/2024,28/08/2024,,,15/04/2025,24/07/2025,19/08/2025,10/09/2025
Implementación de Sistema de Electrificación de Camiones Mineros en Escondida Norte,2162229068,DIA,Aprobado,MINERA ESCONDIDA LIMITADA,,Región de Antofagasta,"250,0000",02/07/2024,08/07/2024,08/07/2024,21/08/2024,,,30/10/2024,31/12/2024,23/01/2025,14/02/2025
Polvorines Planta Río Loa,2162437217,DIA,Otro,Enaex Servicios S.A.,,Región de Antofagasta,"2,0000",28/06/2024,05/07/2024,,,,,,,,
Aumento Vida Útil Áreas de Lixiviación Sulfuros Baja Ley División Chuquicamata,2162192342,DIA,Aprobado,"Codelco Chile, División Chuquicamata",,Región de Antofagasta,"4,0000",05/06/2024,11/06/2024,11/06/2024,25/07/2024,07/11/2024,01/12/2025,29/01/2025,14/10/2025,06/11/2025,01/12/2025
Actualización proyecto fotovoltaico La Sierra y modificación línea de evacuación eléctrica,2162162147,DIA,Aprobado,,,Región de Antofagasta,"12,0000",18/05/2024,23/05/2024,23/05/2024,05/07/2024,,,25/09/2024,23/12/2024,20/01/2025,12/02/2025
Parque Fotovoltaico Zaldivar,2162020978,DIA,Aprobado,ZAPALERI SPA,,Región de Antofagasta,"238,0000",06/05/2024,13/05/2024,13/05/2024,21/06/2024,,,28/08/2024,03/12/2024,30/12/2024,04/02/2025
Continuidad Operacional Mina Barreal Seco,2161876818,DIA,Aprobado,Minera Las Cenizas S.A.,,Región de Antofagasta,"73,4000",02/05/2024,08/05/2024,08/05/2024,21/06/2024,31/12/2024,31/12/2024,28/01/2025,29/04/2025,27/05/2025,18/06/2025
Continuidad Operacional Central Térmica Taltal,2161780033,DIA,Aprobado,Enel Generación Chile S.A,,Región de Antofagasta,"0,0000",23/04/2024,26/04/2024,26/04/2024,11/06/2024,14/11/2024,14/11/2024,19/12/2024,02/04/2025,30/04/2025,26/05/2025
"ESTACION DE TRANSFERENCIA Y CENTRO LOGISTICO DE CARGA, BODEGAS Y ALMACENAMIENTO DE SUSTANCIAS PELIGROSAS",2161911759,DIA,Aprobado,HANSA ADMINISTRADORA DE BODEGAS Y LOGISTICA Spa,,Región de Antofagasta,"2,5000",19/04/2024,25/04/2024,25/04/2024,10/06/2024,,,18/12/2024,05/05/2025,30/05/2025,24/06/2025
Explotación Mina Inesperada,2161844439,DIA,Desistido,Guanaco Compañía Minera SPA,,Región de Antofagasta,"4,0000",09/04/2024,12/04/2024,12/04/2024,28/05/2024,,,,,,
ESTACION DE TRANSFERENCIA Y CENTRO LOGISTICO DE CARGA Y BODEGAS,2161787884,DIA,Otro,,,Región de Antofagasta,"2,5000",01/04/2024,08/04/2024,,,,,,,,
Modificación de proyecto Parque Eólico Horizonte,2161569727,DIA,Aprobado,Sociedad Colbún S.A.,,Región de Antofagasta,"200,0000",28/03/2024,05/04/2024,05/04/2024,20/05/2024,09/10/2024,09/10/2024,30/10/2024,27/03/2025,23/04/2025,16/05/2025
Explotación Mina Inesperada,2161776506,DIA,Desistido,Guanaco Compañía Minera SPA,,Región de Antofagasta,"4,0000",04/04/2024,,,,,,,,,
TRANSPORTE DE ÁCIDO SULFÚRICO EN TRACTOCAMIONES HACIA MINERA ESCONDIDA Y MINERA ZALDÍVAR DESDE PUNTOS DE DESPACHO DE LA REGIÓN DE ANTOFAGASTA,2161233608,DIA,Aprobado,,,Región de Antofagasta,"0,8000",31/01/2024,06/02/2024,06/02/2024,19/03/2024,,,30/01/2025,09/05/2025,06/06/2025,01/07/2025
Parque Fotovoltaico Los Durmientes,2161095944,DIA,Aprobado,,,Región de Antofagasta,"300,0000",18/01/2024,23/01/2024,23/01/2024,05/03/2024,29/05/2024,29/05/2024,24/02/2025,23/06/2025,18/07/2025,11/08/2025
Obras Complementarias y Ajustes Operacionales Mina Chuquicamata Subterránea,2161051918,DIA,Aprobado,"Codelco Chile, División Chuquicamata",,Región de Antofagasta,"720,0000",18/01/2024,23/01/2024,23/01/2024,05/03/2024,,,28/06/2024,28/10/2024,27/11/2024,19/12/2024
Reúso de infraestructura de agua industrial,2161113857,DIA,Aprobado,Engie Energía Chile S.A.,,Región de Antofagasta,"28,0000",19/01/2024,23/01/2024,23/01/2024,05/03/2024,,,19/06/2024,22/08/2024,17/09/2024,15/10/2024
Modificaciones al Parque Eólico Lomas de Taltal,2160888313,DIA,Aprobado,Engie Energía Chile S.A.,,Región de Antofagasta,"100,0000",28/12/2023,05/01/2024,05/01/2024,15/02/2024,16/05/2024,16/05/2024,31/05/2024,10/09/2024,10/10/2024,04/11/2024
Arena BESS,2160777918,DIA,Aprobado,CI GMF II Arena ProjectCo SpA,,Región de Antofagasta,"300,0000",15/12/2023,20/12/2023,20/12/2023,02/02/2024,03/05/2024,03/05/2024,31/05/2024,31/07/2024,23/08/2024,13/09/2024
Actualización Planta Recuperadora de Metales,2160761683,DIA,No calificado,PLANTA RECUPERADORA DE METALES SpA,,Región de Antofagasta,"0,4000",19/12/2023,20/12/2023,20/12/2023,,,,,,,
Planta de Producción de Hidrógeno Verde para el Distrito Minero de Calama,2160619522,DIA,Aprobado,SUSTERRA SpA,,Región de Antofagasta,"441,0000",18/12/2023,20/12/2023,20/12/2023,02/02/2024,,,29/08/2024,31/07/2025,26/08/2025,17/09/2025
Continuidad Operacional Central Térmica Atacama,2160483691,DIA,Aprobado,Enel Generación Chile S.A,,Región de Antofagasta,"12,5000",17/11/2023,22/11/2023,22/11/2023,30/01/2024,,,09/04/2024,25/06/2024,18/07/2024,09/08/2024
Modificación Línea de Transmisión 2 X 220 kV Crucero - El Abra,2160461467,DIA,Aprobado,Engie Energía Chile S.A.,,Región de Antofagasta,"15,0000",17/11/2023,21/11/2023,21/11/2023,05/01/2024,,,02/04/2024,30/09/2024,28/10/2024,25/11/2024
Obras Complementarias y Ajustes Operacionales Mina Chuquicamata Subterránea,2160526080,DIA,Desistido,"Codelco Chile, División Chuquicamata",,Región de Antofagasta,"720,0000",17/11/2023,22/11/2023,22/11/2023,,,,,,,
Ampliación de Zona de Extracción en Pozo Lastrero 2,2160304431,DIA,Aprobado,Cbb Cementos -ReadyMix Ltda,,Región de Antofagasta,"0,5000",20/10/2023,26/10/2023,26/10/2023,12/12/2023,,,15/03/2024,25/06/2024,23/07/2024,13/08/2024
"Cultivo Comercial de Dorado (Seriola lalandi), en el Sector Punta Tórtolas 2, al Oeste de Punta Tórtolas, Comuna de Tal Tal, Provincia de Antofagasta - Región de Antofagasta PERT N° 212024005",2160267987,DIA,No calificado,Mainstream Chile S.A.,,Región de Antofagasta,"2,0000",16/10/2023,19/10/2023,19/10/2023,,,,,,,
"Proyecto de ampliación del depósito de ripios y continuidad operacional de Planta Taltal, ENAMI",2159850695,DIA,Aprobado,Empresa Nacional de Minería,,Región de Antofagasta,"2,8457",30/08/2023,05/09/2023,05/09/2023,23/10/2023,29/02/2024,29/02/2024,28/03/2024,02/12/2024,27/12/2024,22/01/2025
Modificación Centro de Residuos de Mejillones,2159957804,DIA,Desistido,Ilustre Municipalidad de Mejillones,,Región de Antofagasta,"0,5500",30/08/2023,21/09/2023,21/09/2023,,,,,,,
Obras Eléctricas y Área para Extracción de Áridos al Interior de Minera Escondida,2159756862,DIA,Aprobado,MINERA ESCONDIDA LIMITADA,,Región de Antofagasta,"42,8366",07/08/2023,22/08/2023,22/08/2023,06/10/2023,07/02/2024,15/03/2024,12/01/2024,18/03/2024,12/04/2024,09/05/2024
"Cultivo comercial de dorado (Seriola lalandi), en el sector Punta Colipí, al suroeste de Punta Colipi, comuna de Tocopilla, provincia de Tocopilla - Región de Antofagasta. PERT N° 212021001",2159829825,DIA,Otro,Mainstream Chile S.A.,,Región de Antofagasta,"2,0000",16/08/2023,22/08/2023,,,,,,,,
"Cultivo comercial de dorado (seriola lalandi), en el sector Punta San Sedro, al suroeste de Punta San Pedro, comuna de Tal Tal, provincia de Antofagasta - región de Antofagasta. pert n° 212024002",2159830364,DIA,Otro,Mainstream Chile S.A.,,Región de Antofagasta,"2,0000",16/08/2023,22/08/2023,,,,,,,,
"Cultivo comercial de dorado (seriola lalandi), en el sector Punta Lavata 2, al suroeste de Punta Lavata, comuna de Tal Tal, provincia de Antofagasta - región de Antofagasta. pert n° 212024007",2159831099,DIA,Otro,Mainstream Chile S.A.,,Región de Antofagasta,"2,0000",16/08/2023,22/08/2023,,,,,,,,
"Incremento de la Autonomía para asegurar la Disponibilidad de Combustibles, Planta Mejillones",2159622374,DIA,Aprobado,COPEC S.A.,,Región de Antofagasta,"86,0000",17/08/2023,22/08/2023,22/08/2023,04/10/2023,,,26/03/2024,12/09/2024,17/10/2024,07/11/2024
"CULTIVO COMERCIAL DE DORADO (Seriola lalandi), EN EL SECTOR PUNTA LAVATA 1, AL SUROESTE DE PUNTA LAVATA, COMUNA DE TAL TAL, PROVINCIA DE ANTOFAGASTA - REGIÓN DE ANTOFAGASTA. PERT N° 212024003",2159830715,DIA,Otro,Mainstream Chile S.A.,,Región de Antofagasta,"2,0000",16/08/2023,21/08/2023,,,,,,,,
Exploraciones Aida,2159533482,DIA,Aprobado,,,Región de Antofagasta,"1,0000",03/08/2023,08/08/2023,08/08/2023,25/09/2023,09/02/2024,09/02/2024,30/04/2024,28/10/2024,29/11/2024,08/01/2025
Abastecimiento Agua de Mar Minera Franke,2159534351,DIA,Aprobado,Sociedad Contractual Minera Franke,,Región de Antofagasta,"28,0000",26/07/2023,01/08/2023,01/08/2023,13/09/2023,,,28/11/2023,04/04/2024,30/04/2024,24/05/2024
Bodegas de Sustancias Peligrosas Logística FG,2159585865,DIA,No calificado,FG LOGÍSTICA SpA.,,Región de Antofagasta,"0,9787",07/07/2023,14/07/2023,14/07/2023,,,,,,,
Transporte de ácido sulfúrico en tractocamiones hacia Minera Escondida y Minera Zaldivar desde puntos de despacho de la región de Antofagasta,2159481958,DIA,No calificado,,,Región de Antofagasta,"0,8000",20/06/2023,28/06/2023,28/06/2023,,,,,,,
CONSOLIDACIÓN PATIO ÁCIDO NITRICO Y AVANCES TECNOLÓGICOS PANNA 4,2159314402,DIA,No calificado,ENAEX S.A.,,Región de Antofagasta,"1,1000",31/05/2023,06/06/2023,06/06/2023,,,,,,,
"Almacenamiento de Sustancias Peligrosas Clase 6 y 8, Bodegas Dixie, Antofagasta",2159310575,DIA,Aprobado,,,Región de Antofagasta,"1,0000",26/05/2023,01/06/2023,01/06/2023,17/07/2023,,,14/08/2023,30/11/2023,22/12/2023,17/01/2024
"Traslado y Reposición Subestación Eléctrica Chamy, División Radomiro Tomic",2159178119,DIA,Aprobado,"CODELCO Chile, División Radomiro Tomic",,Región de Antofagasta,"25,0000",15/05/2023,22/05/2023,22/05/2023,04/07/2023,21/09/2023,21/09/2023,26/10/2023,14/03/2024,12/04/2024,06/05/2024
Prospecciones Avanzadas Cachorro,2159214715,DIA,Desistido,Antofagasta Minerals S.A.,,Región de Antofagasta,"360,0000",17/05/2023,22/05/2023,22/05/2023,,,,,,,
"Actualización de Recursos y Reserva Parte II, Explotación Subterránea Pampa Augusta Victoria de Faena Minera El Peñón",2158921029,DIA,Aprobado,Minera Meridian Limitada,,Región de Antofagasta,"5,6000",19/04/2023,25/04/2023,25/04/2023,06/06/2023,,,18/08/2023,24/11/2023,22/12/2023,17/01/2024
Aumento capacidad de almacenamiento de combustible Distrito Centinela,2158952386,DIA,Aprobado,Minera Centinela.,,Región de Antofagasta,"25,0000",31/03/2023,04/04/2023,04/04/2023,18/05/2023,,,06/07/2023,12/10/2023,09/11/2023,30/11/2023
Abastecimiento Agua de Mar Minera Franke,2158816222,DIA,Desistido,Sociedad Contractual Minera Franke,,Región de Antofagasta,"28,0000",30/03/2023,06/04/2023,06/04/2023,,,,,,,
Ajustes Operacionales Área Mina,2158438731,DIA,Aprobado,Compañía Minera Zaldívar SpA,,Región de Antofagasta,"1,2000",17/03/2023,23/03/2023,23/03/2023,05/05/2023,25/10/2023,25/10/2023,25/08/2023,15/12/2023,18/01/2024,08/02/2024
Ampliación en Subestación Frontera y Seccionamiento Línea 2x220 Encuentro-Laguna,2158862523,DIA,Aprobado,TRANSELEC S.A,,Región de Antofagasta,"12,9800",17/03/2023,23/03/2023,23/03/2023,05/05/2023,,,07/06/2023,22/08/2023,15/09/2023,05/10/2023
PROSPECCIONES PAMPA PACIENCIA,2158864741,DIA,Aprobado,ASTRA EXPLORATION CHILE SPA,,Región de Antofagasta,"19,0000",17/03/2023,22/03/2023,22/03/2023,04/05/2023,,,31/07/2023,06/11/2023,11/12/2023,04/01/2024
Parque Fotovoltaico Cristales,2158765112,DIA,Aprobado,Cristales SpA,,Región de Antofagasta,"710,0000",16/03/2023,22/03/2023,22/03/2023,05/05/2023,22/08/2023,22/08/2023,20/10/2023,09/02/2024,05/03/2024,27/03/2024
Proyecto Prospecciones Aida,2158519340,DIA,Desistido,MINERA PLATA CARINA SpA,,Región de Antofagasta,"3,0000",02/02/2023,08/02/2023,08/02/2023,,,,,,,
Ampliación en SE Ana María y Seccionamiento Línea 2x220 kV Frontera-María Elena,2158438113,DIA,Aprobado,,,Región de Antofagasta,"12,0260",17/01/2023,23/01/2023,23/01/2023,06/03/2023,,,09/06/2023,30/08/2023,29/09/2023,19/10/2023
Habilitación de Puntos de Monitoreo para variables Hídricas,2158453751,DIA,Aprobado,Asociación Indígena Consejo de Pueblos Atacameños,,Región de Antofagasta,"4,9500",19/01/2023,20/01/2023,20/01/2023,03/03/2023,22/05/2023,22/11/2023,15/09/2023,27/12/2023,22/01/2024,08/02/2024
Ampliación en SE Frontera y Seccionamiento Línea 2x220 kV Encuentro-Lagunas,2158429244,DIA,Desistido,TRANSELEC S.A,,Región de Antofagasta,"0,0013",13/01/2023,,,,,,,,,
Remoción y reprocesamiento de relaves desde el Tranque Hamburgo,2158412419,DIA,Desistido,MINERA ESCONDIDA LIMITADA,,Región de Antofagasta,"590,0000",11/01/2023,17/01/2023,17/01/2023,,,,,,,
Actualización Plan de Mantenimiento de Hábitat en Botadero Existente,2158040789,DIA,Aprobado,,,Región de Antofagasta,"0,2242",03/01/2023,10/01/2023,10/01/2023,21/02/2023,,,27/11/2023,14/05/2024,06/06/2024,27/06/2024
Transporte Ferroviario en Región de Antofagasta,2157970182,DIA,Aprobado,Empresa de Transporte Ferroviario S.A.,,Región de Antofagasta,"85,4000",30/12/2022,09/01/2023,09/01/2023,16/02/2023,,,12/05/2023,13/07/2023,11/08/2023,07/09/2023
Parque Fotovoltaico Terrazas,2157762502,DIA,Aprobado,Andes Mainstream SpA...,,Región de Antofagasta,"120,0000",15/12/2022,22/12/2022,22/12/2022,02/02/2023,12/05/2023,12/05/2023,27/09/2023,18/03/2024,12/04/2024,07/05/2024
"Actualización del consumo, almacenamiento y transporte de sustancias peligrosas",2157858453,DIA,Aprobado,MINERA ESCONDIDA LIMITADA,,Región de Antofagasta,"0,0000",16/12/2022,22/12/2022,22/12/2022,02/02/2023,,,31/03/2023,28/07/2023,23/08/2023,25/09/2023
Ampliación en SE Frontera y Seccionamiento Línea 2x220 kV Encuentro-Lagunas,2157928736,DIA,Otro,TRANSELEC S.A,,Región de Antofagasta,"0,0013",16/12/2022,21/12/2022,,,,,,,,
Ampliación en SE Ana María y Seccionamiento Línea 2x220 kV Frontera-María Elena,2157947195,DIA,Otro,,,Región de Antofagasta,"0,0120",16/12/2022,21/12/2022,,,,,,,,
Aumento Movimientos Mina DGM,2157616419,DIA,Aprobado,Codelco Chile División Gabriela Mistral,,Región de Antofagasta,"153,2460",17/11/2022,22/11/2022,22/11/2022,04/01/2023,,,02/03/2023,24/08/2023,26/09/2023,19/10/2023
Tendido segundo circuito Línea 2x220 kV Nueva Chuquicamata - Calama,2157658825,DIA,Aprobado,Engie Energía Chile S.A.,,Región de Antofagasta,"6,5000",17/11/2022,22/11/2022,22/11/2022,04/01/2023,,,11/05/2023,10/08/2023,06/09/2023,29/09/2023
Parque Eólico Pampa Fidelia,2157238670,DIA,Aprobado,Engie Energía Chile S.A.,,Región de Antofagasta,"645,0000",18/11/2022,22/11/2022,22/11/2022,05/01/2023,,,29/05/2023,18/08/2023,15/09/2023,16/10/2023
Parque Fotovoltaico Parina Solar,2157664677,DIA,Aprobado,Parina Solar SpA,,Región de Antofagasta,"248,0000",15/11/2022,21/11/2022,21/11/2022,04/01/2023,14/03/2023,14/03/2023,30/06/2023,15/03/2024,12/04/2024,08/05/2024
Terminal de Mantención Mejillones,2157155483,DIA,Aprobado,Antofagasta Railway Company PLC (FCAB),,Región de Antofagasta,"42,0000",08/11/2022,15/11/2022,15/11/2022,28/12/2022,,,14/04/2023,31/08/2023,29/09/2023,20/10/2023
"Saneamiento ambiental de suelos contaminados, Sector EXFFCC Taltal",2157370529,DIA,Desistido,Servicio de Vivienda y Urbanísmo (SERVIU) Región de Antofagasta,,Región de Antofagasta,"20,0000",25/10/2022,21/11/2022,21/11/2022,,,,,,,
Proyecto Alba,2157280115,DIA,Aprobado,Eléctrica Angamos S.p.A.,,Región de Antofagasta,"450,0000",17/10/2022,20/10/2022,20/10/2022,05/12/2022,24/02/2023,24/02/2023,16/05/2023,19/10/2023,20/11/2023,12/12/2023
Parque Fotovoltaico Parina Solar,2157311911,DIA,Otro,Parina Solar SpA,,Región de Antofagasta,"248,0000",18/10/2022,20/10/2022,,,,,,,,
Línea Eléctrica Bypass Antofagasta,2157271364,DIA,Desistido,Engie Energía Chile S.A.,,Región de Antofagasta,"13,3600",17/10/2022,20/10/2022,20/10/2022,05/12/2022,,,,,,
Saneamiento ambiental de suelos contaminados  Sector EX FFCC Taltal,2156894690,DIA,Desistido,Servicio de Vivienda y Urbanísmo (SERVIU) Región de Antofagasta,,Región de Antofagasta,"20,0000",15/09/2022,,,,,,,,,
Extracción Diatomea,2156450559,DIA,Desistido,Paola Andrea Azócar Alarcón,,Región de Antofagasta,"0,0100",10/09/2022,,,,,,,,,
Ampliación de capacidad de almacenamiento de GLP Planta Antofagasta,2156825651,DIA,Aprobado,Abastible S.A.,,Región de Antofagasta,"0,2882",25/08/2022,29/08/2022,29/08/2022,13/10/2022,,,24/02/2023,30/05/2023,29/06/2023,24/07/2023
"Aumento de Capacidad Planta Concentradora Mantos Blancos, Fase II",2156796656,DIA,Desistido,MANTOS COPPER S.A.,,Región de Antofagasta,"89,5000",26/08/2022,31/08/2022,31/08/2022,17/10/2022,20/03/2023,20/03/2023,28/04/2023,11/12/2023,,
Ampliación de capacidad de almacenamiento de GLP Planta Antofagasta,2156659675,DIA,Desistido,Abastible S.A.,,Región de Antofagasta,"0,2882",16/08/2022,,,,,,,,,
Actividades Mineras en Período 2024/2025,2156485242,DIA,Desistido,Compañía Minera Zaldívar SpA,,Región de Antofagasta,"1,2000",27/07/2022,02/08/2022,02/08/2022,,,,,,,
Centro de Recepción y Disposición Final de Biosólidos,2156475386,DIA,Desistido,ACUANOR S.A.,,Región de Antofagasta,"2,0000",15/07/2022,21/07/2022,21/07/2022,31/08/2022,,,28/12/2022,15/05/2023,07/06/2023,05/07/2023
Proyecto Referencial Ampliación y Mejoramiento Aeropuerto Andrés Sabella,2156267827,DIA,Aprobado,MINISTERIO DE OBRAS PÚBLICAS,,Región de Antofagasta,"103,9165",17/06/2022,20/06/2022,20/06/2022,03/08/2022,,,30/01/2023,20/07/2023,11/08/2023,04/09/2023
Plan de Desarrollo Michilla,2154794710,DIA,Aprobado,Minera HMC S.A,,Región de Antofagasta,"235,0000",09/06/2022,14/06/2022,14/06/2022,28/07/2022,,,15/03/2023,05/10/2023,31/10/2023,27/11/2023
Ajuste Línea de Transmisión Eléctrica Norte Parque Eólico Horizonte,2155723694,DIA,Aprobado,Sociedad Colbún S.A.,,Región de Antofagasta,"8,3450",04/05/2022,23/05/2022,23/05/2022,06/07/2022,,,30/09/2022,15/02/2023,06/03/2023,22/03/2023
Parque Fotovoltaico Socompa Solar,2155915115,DIA,Aprobado,SOCOMPA SOLAR SPA,,Región de Antofagasta,"200,0000",18/05/2022,23/05/2022,23/05/2022,05/07/2022,,,22/12/2022,10/04/2023,08/05/2023,26/05/2023
Transporte terrestre de ácido sulfúrico,2155689137,DIA,Aprobado,TRANSPORTES B&S SPA,,Región de Antofagasta,"2,5760",21/04/2022,26/04/2022,26/04/2022,07/06/2022,,,18/08/2022,21/12/2022,16/01/2023,02/02/2023
Proyecto minero Comahue,2155491655,DIA,Aprobado,Next Minerals S.A.,,Región de Antofagasta,"55,0000",18/04/2022,22/04/2022,22/04/2022,02/06/2022,,,02/09/2022,06/02/2023,06/03/2023,28/03/2023
Abastecimiento de Agua de Mar Distrito Minero Altamira,2154485075,DIA,Otro,BIOS SPA,,Región de Antofagasta,"34,0000",25/02/2022,23/03/2022,,,,,,,,
"Almacenamiento de Sustancias Peligrosas, Clase 6 y 8, Bodegas DIXIE, Antofagasta",2155185100,DIA,Desistido,Plásticos DIXIE SpA,,Región de Antofagasta,"1,0000",22/02/2022,01/03/2022,01/03/2022,12/04/2022,,,,,,
Bodega de Sustancias Peligrosas FG,2155186708,DIA,Desistido,FG LOGÍSTICA SpA.,,Región de Antofagasta,"0,1502",18/02/2022,24/02/2022,24/02/2022,06/04/2022,,,,,,
Adecuación Obras Mineras para Continuidad Operacional de CMLB,2154761471,DIA,Aprobado,Compañía Minera Lomas Bayas,,Región de Antofagasta,"254,0000",25/01/2022,31/01/2022,31/01/2022,14/03/2022,,,30/06/2022,17/11/2022,13/12/2022,05/01/2023
Ajustes Constructivos a Instalaciones de Relaves Espesados,2154669144,DIA,Aprobado,"CODELCO Chile, División Radomiro Tomic",,Región de Antofagasta,"48,0000",18/01/2022,21/01/2022,21/01/2022,04/03/2022,03/05/2022,03/05/2022,29/06/2022,29/12/2022,25/01/2023,13/02/2023
Proyecto Prospecciones Aida,2154471761,DIA,No calificado,MINERA PLATA CARINA SpA,,Región de Antofagasta,"3,0000",14/01/2022,18/01/2022,18/01/2022,,,,,,,
Ampliación de capacidad de almacenamiento de Sustancias Químicas,2154670313,DIA,Aprobado,Terminal Marítimo OXIQUIM Mejillones S.A.,,Región de Antofagasta,"9,0000",12/01/2022,18/01/2022,18/01/2022,01/03/2022,,,28/07/2022,31/01/2023,28/02/2023,22/03/2023
Abastecimiento de Agua de Mar Distrito Minero Altamira,2154485080,DIA,Desistido,BIOS SPA,,Región de Antofagasta,"34,0000",10/01/2022,,,,,,,,,
Proyecto de Producción de Hidrógeno y Amoniaco Verde - H2 Magallanes,2165025085,EIA,En Calificación (Suspendido),,"Laguna Blanca, Punta Arenas, San Gregorio",Región de Magallanes,"16.000,0000",05/05/2025,12/05/2025,12/05/2025,07/08/2025,30/10/2025,30/10/2025,,,,
Proyecto integral para la producción y exportación de amoniaco verde - HNH ENERGY,2162603863,EIA,En Calificación (Suspendido),,"Laguna Blanca, Punta Arenas, San Gregorio",Región de Magallanes,"11.000,0010",24/07/2024,31/07/2024,31/07/2024,29/10/2024,28/11/2024,28/11/2024,04/09/2025,04/09/2025,,
Parque Eólico Faro del Sur,2160813317,EIA,Aprobado,,Punta Arenas,Región de Magallanes,"500,0000",15/12/2023,22/12/2023,26/12/2023,19/03/2024,23/05/2024,19/08/2025,07/04/2025,13/11/2025,21/01/2026,06/02/2026
Parque Eólico Vientos Patagónicos,2160078437,EIA,Aprobado,,Punta Arenas,Región de Magallanes,"830,0000",06/10/2023,16/10/2023,16/10/2023,15/01/2024,23/02/2024,23/02/2024,03/02/2025,14/08/2025,21/10/2025,12/11/2025
Parque Eólico Faro del Sur,2156419025,EIA,Desistido,,Punta Arenas,Región de Magallanes,"500,0000",04/08/2022,11/08/2022,11/08/2022,,,,,,,
MEJORAMIENTO CAPACIDAD DE ATRAQUE TERMINAL MARÍTIMO DE PUERTO NATALES,2154660265,DIA,Desistido,,Natales,Región de Magallanes,2.985,12/01/2022,21/01/2022,24/01/2022,04/03/2022,,,,,,
Modernización del Sistema de Abastecimiento de Combustibles para el Aeropuerto Carlos Ibáñez del Campo en Punta Arenas,2154675550,DIA,No Admitido a Tramitación,,Punta Arenas,Región de Magallanes,1.0,12/01/2022,19/01/2022,,,,,,,,
Construcción de líneas de flujo en área Jauke,2154760796,DIA,Aprobado,,San Gregorio,Región de Magallanes,0.25,18/01/2022,21/01/2022,21/01/2022,01/03/2022,,,19/04/2022,14/07/2022,18/08/2022,05/09/2022
Modernización del Sistema de Abastecimiento de Combustibles para el Aeropuerto Carlos Ibáñez del Campo en Punta Arenas,2154945526,DIA,No calificado,,Punta Arenas,Región de Magallanes,1.0,31/01/2022,07/02/2022,07/02/2022,,,,,,,
Expediciones de navegación y avistamiento de fauna en el Área Marina Costera Protegida y Parque Marino Francisco Coloane,2155083191,DIA,Aprobado,,Punta Arenas,Región de Magallanes,0.01,07/02/2022,10/02/2022,11/02/2022,23/03/2022,,,18/07/2022,18/07/2022,14/09/2022,05/10/2022
Fracturación Hidráulica Pozo Exploratorio Picuyo ZG-A,2155278846,DIA,Aprobado,,Primavera,Región de Magallanes,0.75,01/03/2022,07/03/2022,08/03/2022,19/04/2022,,,17/05/2022,17/05/2022,08/07/2022,27/07/2022
"(120137) Modificación de Proyecto Técnico, Centro de Engorda de Salmónidos, Canal Valdés, al Norte  de Caleta Fog, RCA N°009/2012",2155422524,DIA,Desistido,,Natales,Región de Magallanes,4.5311,18/03/2022,23/03/2022,24/03/2022,28/04/2022,,,31/05/2023,31/05/2023,,
Fracturación Hidráulica PAD Rancho Grande ZG-A,2155436230,DIA,Aprobado,,Primavera,Región de Magallanes,12.0,18/03/2022,23/03/2022,23/03/2022,28/04/2022,,,26/05/2022,26/05/2022,08/07/2022,27/07/2022
Línea de Flujo PAD Cahuil Z/AB/AD,2155650743,DIA,Aprobado,,San Gregorio,Región de Magallanes,0.5,17/04/2022,22/04/2022,25/04/2022,31/05/2022,,,29/06/2022,29/06/2022,04/08/2022,30/08/2022
Línea de Flujo PAD Rancho Grande ZG-A,2155653010,DIA,Aprobado,,Primavera,Región de Magallanes,0.5,17/04/2022,22/04/2022,25/04/2022,31/05/2022,,,29/06/2022,29/06/2022,04/08/2022,30/08/2022
"PUERTO NUEVO, ENSENADA MORENO, SENO SKYRING, COMUNA DE RIO VERDE, REGIÓN DE MAGALLANES Y ANTARTICA CHILENA",2156219981,DIA,No calificado,,Río Verde,Región de Magallanes,2.5,07/06/2022,20/06/2022,22/06/2022,,,,,,,
"Construcción de Colector de 14, Nudo Bahía Felipe a Nudo Chorrillo Cortado",2156296060,DIA,Aprobado,,Primavera,Región de Magallanes,0.9,17/06/2022,20/06/2022,22/06/2022,28/07/2022,,,25/08/2022,25/08/2022,28/09/2022,24/10/2022
Ampliación de Biomasa de Centro de Engorda de Salmones. Código de centro Nº 120135. Centro Punta Goddard. RCA Nº 007/2012,2156325560,DIA,Desistido,,Natales,Región de Magallanes,4.5311,24/06/2022,,,,,,,,,
Ampliación de Biomasa del Centro de Engorda de Salmones. Código de Centro Nº 120135. Centro Punta Goddard. RCA Nº 007/2012,2156395867,DIA,Desistido,,Natales,Región de Magallanes,4.5311,05/07/2022,12/07/2022,12/07/2022,23/08/2022,16/12/2022,16/12/2022,,,,
"Construccion Centro de Gestion de Residuos Solidos, Magallanes",2156469363,DIA,Desistido,,Punta Arenas,Región de Magallanes,20.0,14/07/2022,,,,,,,,,
Ampliación de Biomasa del Centro de Engorda de Salmones. Código de Centro Nº 120136. Centro Morgan. RCA Nº 011/2012,2156476401,DIA,Desistido,,Natales,Región de Magallanes,4.5311,15/07/2022,22/07/2022,22/07/2022,29/08/2022,23/12/2022,23/12/2022,,,,
Centro de Gestión de Residuos Sólidos Tierra del Fuego,2156472061,DIA,Desistido,,Porvenir,Región de Magallanes,21.78,18/07/2022,,,,,,,,,
Oleoducto Golondrina-Cullen,2156499977,DIA,Aprobado,,Primavera,Región de Magallanes,3.0,18/07/2022,22/07/2022,25/07/2022,31/08/2022,,,30/09/2022,30/09/2022,14/11/2022,16/12/2022
Ductos para el Transporte de Agua de Formación en Sector de Tres Lagos,2156502281,DIA,Aprobado,,Primavera,Región de Magallanes,0.35,18/07/2022,22/07/2022,25/07/2022,31/08/2022,,,30/11/2022,06/03/2023,22/03/2023,13/04/2023
ESTIMULACIÓN HIDRÁULICA POZO JAUKE NORTE X-1,2156509016,DIA,No Admitido a Tramitación,,San Gregorio,Región de Magallanes,1.5,18/07/2022,22/07/2022,,,,,,,,
Fracturación Hidráulica de 2 PAD Cahuil,2156585533,DIA,Aprobado,,San Gregorio,Región de Magallanes,4.8,29/07/2022,03/08/2022,03/08/2022,06/09/2022,,,06/10/2022,25/11/2022,07/12/2022,29/12/2022
Fracturación Hidráulica Pozo Exploratorio Hollister A,2156585651,DIA,Aprobado,,Punta Arenas,Región de Magallanes,0.7,29/07/2022,03/08/2022,03/08/2022,06/09/2022,,,06/10/2022,28/11/2022,14/12/2022,29/12/2022
Línea de Flujo PAD Estancia Rita ZG-C,2156701562,DIA,Aprobado,,Primavera,Región de Magallanes,0.12,18/08/2022,19/08/2022,19/08/2022,28/09/2022,,,24/10/2022,24/10/2022,25/11/2022,16/12/2022
ESTIMULACIÓN HIDRÁULICA POZO JAUKE NORTE X-1,2156697316,DIA,Aprobado,,San Gregorio,Región de Magallanes,1.5,16/08/2022,23/08/2022,24/08/2022,27/09/2022,,,25/11/2022,15/02/2023,02/03/2023,13/04/2023
Centro de Gestión de Residuos Sólidos Tierra del Fuego,2156651273,DIA,Aprobado,,Porvenir,Región de Magallanes,21.78,11/08/2022,24/08/2022,24/08/2022,06/10/2022,,,19/12/2022,27/04/2023,22/05/2023,06/06/2023
Estimulación Hidráulica pozo Monte Aymond 34,2156813127,DIA,Aprobado,,San Gregorio,Región de Magallanes,0.5,24/08/2022,24/08/2022,25/08/2022,27/09/2022,,,25/11/2022,15/02/2023,03/03/2023,13/04/2023
CENTRAL DE GENERACIÓN DE ENERGÍA ELÉCTRICA A GAS LAS LENGAS,2156700763,DIA,No Admitido a Tramitación,,Natales,Región de Magallanes,7.0,17/08/2022,24/08/2022,,,,,,,,
Extracción y Procesamiento de Áridos La Italiana,2156897452,DIA,Aprobado,,Primavera,Región de Magallanes,1.2,02/09/2022,08/09/2022,08/09/2022,19/10/2022,,,27/12/2022,27/12/2022,20/02/2023,16/03/2023
CENTRAL DE GENERACIÓN DE ENERGÍA ELÉCTRICA A GAS LAS LENGAS,2156957631,DIA,No calificado,,Natales,Región de Magallanes,7.0,13/09/2022,20/09/2022,20/09/2022,,,,,,,
Modernización del Sistema de Abastecimiento de Combustibles para el Aeropuerto Presidente Carlos Ibáñez del Campo en Punta Arenas,2157118720,DIA,Aprobado,,Punta Arenas,Región de Magallanes,1.4,14/09/2022,21/09/2022,22/09/2022,02/11/2022,,,30/12/2022,27/02/2023,22/03/2023,13/04/2023
Estimulación hidráulica pozo Ache Este 2,2157148455,DIA,Desistido,,San Gregorio,Región de Magallanes,1.5,22/09/2022,,,,,,,,,
Producción de pozo Jauke Norte x-1,2157126830,DIA,Aprobado,,San Gregorio,Región de Magallanes,1.2,15/09/2022,23/09/2022,26/09/2022,28/10/2022,,,30/12/2022,28/02/2023,21/03/2023,13/04/2023
Regularización Empréstito San Antonio,2157169157,DIA,Desistido,,Torres del Paine,Región de Magallanes,1.1913,25/09/2022,,,,,,,,,
Regularización Empréstito San Antonio,2157169111,DIA,Desistido,,Torres del Paine,Región de Magallanes,1.1913,26/09/2022,03/10/2022,03/10/2022,16/11/2022,,,26/05/2023,26/05/2023,,
Estimulación hidráulica pozo Ache Este 2,2157169009,DIA,Aprobado,,San Gregorio,Región de Magallanes,1.5,25/09/2022,29/09/2022,30/09/2022,11/11/2022,,,09/01/2023,01/03/2023,21/03/2023,13/04/2023
Proyecto Habitacional Brisas del Estrecho,2157288407,DIA,Aprobado,,Punta Arenas,Región de Magallanes,27.0,14/10/2022,18/10/2022,18/10/2022,01/12/2022,27/01/2023,27/01/2023,24/03/2023,02/05/2023,22/05/2023,06/06/2023
Línea de Flujo Ensenada Baja,2157306113,DIA,Aprobado,,Punta Arenas,Región de Magallanes,0.5,17/10/2022,19/10/2022,19/10/2022,28/11/2022,,,06/04/2023,05/06/2023,05/07/2023,21/07/2023
Fracturación Hidráulica PAD Estancia Rita ZG-C,2157299795,DIA,Aprobado,,Primavera,Región de Magallanes,12.0,17/10/2022,20/10/2022,20/10/2022,24/11/2022,,,26/12/2022,26/12/2022,11/01/2023,30/01/2023
"Centro de Gestion de Residuos Solidos, Magallanes",2156689181,DIA,Aprobado,,Punta Arenas,Región de Magallanes,20.0,18/10/2022,21/10/2022,21/10/2022,06/12/2022,,,31/03/2023,05/09/2023,04/10/2023,06/11/2023
Regularización Muelle de Operaciones,2157668940,DIA,Aprobado,,Natales,Región de Magallanes,1.0,15/11/2022,23/11/2022,23/11/2022,29/12/2022,09/05/2023,09/05/2023,29/11/2023,30/05/2024,11/07/2024,30/07/2024
"Modificación de Biomasa del Cultivo De Salmón Atlántico, RCA 80/2016, Ces Isla Marta, Código De Centro N°120108",2158042000,DIA,Aprobado,,Río Verde,Región de Magallanes,2.0,29/12/2022,06/01/2023,06/01/2023,17/02/2023,16/06/2023,16/06/2023,31/07/2024,09/04/2025,05/05/2025,16/05/2025
Central de Generación de Energía Eléctrica a Gas Las Lengas,2158415923,DIA,Aprobado,,Natales,Región de Magallanes,7.0,18/01/2023,24/01/2023,24/01/2023,07/03/2023,19/06/2023,19/06/2023,30/06/2023,21/09/2023,16/10/2023,06/11/2023
Estimulación Hidráulica en pozos Jauke 6 y Jauke Sur x-1,2158721701,DIA,Desistido,,San Gregorio,Región de Magallanes,3.0,27/02/2023,03/03/2023,03/03/2023,,,,,,,
Nuevas Líneas de Flujo Sub-Bloque Cabaña Oeste,2159047450,DIA,Aprobado,,Primavera,Región de Magallanes,0.41,17/04/2023,21/04/2023,21/04/2023,01/06/2023,,,03/07/2023,03/07/2023,17/08/2023,20/09/2023
Fracturación Hidráulica para el Pozo Exploratorio Hemmer A,2159229582,DIA,Aprobado,,Punta Arenas,Región de Magallanes,2.0,15/05/2023,22/05/2023,22/05/2023,28/06/2023,,,30/08/2023,30/08/2023,14/09/2023,05/10/2023
LINEA DE FLUJO PAD CACHAÑA ZG-B,2159235137,DIA,Aprobado,,Primavera,Región de Magallanes,0.5,16/05/2023,23/05/2023,23/05/2023,27/06/2023,,,25/07/2023,25/07/2023,17/08/2023,20/09/2023
Varadero Logística y Servicios Ltda.,2159439586,DIA,Desistido,,Punta Arenas,Región de Magallanes,0.2,13/06/2023,19/06/2023,,,,,,,,
Nuevas Fracturas Hidráulicas en el Sub-Bloque Dorado Riquelme,2159427063,DIA,Aprobado,,San Gregorio,Región de Magallanes,15.0,09/06/2023,16/06/2023,16/06/2023,19/07/2023,,,17/08/2023,17/08/2023,13/09/2023,05/10/2023
"Puerto Nuevo, Ensenada Moreno, Seno Skyring, Comuna de Río Verde, Región de Magallanes y Antártica Chilena",2159460015,DIA,Aprobado,,Río Verde,Región de Magallanes,2.5,15/06/2023,16/06/2023,16/06/2023,01/08/2023,,,16/05/2024,12/11/2024,09/12/2024,31/12/2024
Líneas de Flujo Cahuil Alto,2159440216,DIA,Aprobado,,San Gregorio,Región de Magallanes,10.0,14/06/2023,16/06/2023,16/06/2023,27/07/2023,,,25/08/2023,25/08/2023,19/10/2023,10/11/2023
LINEA DE FLUJO HEMMER,2159460282,DIA,Aprobado,,Punta Arenas,Región de Magallanes,0.5,14/06/2023,16/06/2023,16/06/2023,25/07/2023,,,23/08/2023,26/10/2023,16/11/2023,07/12/2023
Proyecto Habitacional Fiordos del Sur 1 y 2,2159921570,DIA,No Admitido a Tramitación,,Natales,Región de Magallanes,26.5406,24/08/2023,31/08/2023,,,,,,,,
Proyecto Habitacional Fiordos del Sur 1 y 2,2159984452,DIA,Aprobado,,Natales,Región de Magallanes,26.5406,01/09/2023,01/09/2023,04/09/2023,18/10/2023,,,25/01/2024,25/03/2024,17/04/2024,02/05/2024
Ampliación Hotel Lakutaia,2160073144,DIA,Desistido,,Cabo de Hornos,Región de Magallanes,30.0,10/10/2023,,,,,,,,,
Extraccion y Procesamiento de Aridos Galvarino,2160220530,DIA,Aprobado,,Primavera,Región de Magallanes,0.85,12/10/2023,19/10/2023,19/10/2023,01/12/2023,,,29/01/2024,29/01/2024,11/03/2024,02/04/2024
Ampliación Hotel Lakutaia,2160259654,DIA,Aprobado,,Cabo de Hornos,Región de Magallanes,30.0,19/10/2023,20/10/2023,20/10/2023,29/11/2023,,,19/01/2024,18/03/2024,08/04/2024,24/04/2024
Fracturación Hidráulica PAD Walolén ZG-A,2160345587,DIA,Aprobado,,Primavera,Región de Magallanes,5.5,25/10/2023,26/10/2023,26/10/2023,29/11/2023,,,28/12/2023,28/12/2023,22/01/2024,09/02/2024
Proyecto de Desarrollo Minero Fracturación Hidráulica Multipozo Cachaña ZG-B,2160700485,DIA,Aprobado,,Primavera,Región de Magallanes,5.5,05/12/2023,13/12/2023,13/12/2023,19/01/2024,,,14/02/2024,14/02/2024,06/03/2024,02/04/2024
REPOSICIÓN COMPLEJO FRONTERIZO RÍO DON GUILLERMO,2160941341,DIA,Aprobado,,Torres del Paine,Región de Magallanes,17.093,28/12/2023,05/01/2024,05/01/2024,14/02/2024,,,24/03/2025,06/08/2025,03/09/2025,26/09/2025
Parque Fotovoltaico Rinconada Solar,2166000484,EIA,En Calificación (Suspendido),,"Maipú, Pudahuel",Región Metropolitana,"350,0000",14/08/2025,20/08/2025,21/08/2025,17/11/2025,19/01/2026,19/01/2026,,,,
Parque Fotovoltaico Rinconada Solar,2165628704,EIA,Desistido,,"Maipú, Pudahuel",Región Metropolitana,"350,0000",01/08/2025,,,,,,,,,
Continuidad de Explotación Mina Caolín El Guindo,2165451075,EIA,En Calificación (Suspendido),,Tiltil,Región Metropolitana,"0,4860",18/06/2025,26/06/2025,26/06/2025,24/09/2025,06/11/2025,06/11/2025,17/02/2026,17/02/2026,,
"Tramo 3 Línea 9 Metro de Santiago, La Pintana Puente Alto",2165205569,EIA,En Calificación (Suspendido),,"La Pintana, Puente Alto",Región Metropolitana,"786,9000",02/06/2025,09/06/2025,09/06/2025,04/09/2025,17/11/2025,17/11/2025,16/02/2026,16/02/2026,,
Tramo 2 Extensión Línea 2 de Metro de Santiago,2160210345,EIA,En Calificación (Activo),,"San Bernardo, El Bosque, La Cisterna",Región Metropolitana,"511,0000",13/10/2023,,,,,,,,,
Solución Sanitaria Las Lilas,2159078491,EIA,Aprobado,,Pudahuel,Región Metropolitana,"13,0000",28/04/2023,08/05/2023,09/05/2023,03/08/2023,17/10/2023,17/10/2023,26/02/2024,03/10/2025,04/12/2025,06/01/2026
Urbanya Etapa 1,2157768147,EIA,Aprobado,,Pudahuel,Región Metropolitana,"203,0000",01/12/2022,09/12/2022,09/12/2022,06/03/2023,21/04/2023,07/06/2024,07/02/2024,28/08/2025,30/10/2025,25/11/2025
Planta Paneles de Yeso y Ampliación Cantera Rubí,2156632310,EIA,No calificado,,"Puente Alto, San José de Maipo",Región Metropolitana,"98,0000",05/08/2022,12/08/2022,12/08/2022,,,,,,,
PLANTA PANELES DE YESO Y AMPLIACIÓN CANTERA RUBÍ,2156421131,EIA,Desistido,,"Puente Alto, San José de Maipo",Región Metropolitana,"98,0000",15/07/2022,,,,,,,,,
Centro Logístico Enea,2155147128,EIA,Aprobado,,Pudahuel,Región Metropolitana,"259,0000",18/02/2022,25/02/2022,25/02/2022,23/05/2022,16/08/2022,01/03/2024,29/09/2023,19/12/2024,21/02/2025,17/03/2025
Centro Logístico Lo Aguirre,2154733027,EIA,Aprobado,,Pudahuel,Región Metropolitana,"105,0000",19/01/2022,21/01/2022,21/01/2022,18/04/2022,02/06/2022,02/06/2022,17/03/2023,16/05/2024,11/07/2024,09/08/2024
La Castellana,2154585400,DIA,Aprobado,,Las Condes,Región Metropolitana,74.9872,06/01/2022,13/01/2022,13/01/2022,24/02/2022,,,20/05/2022,01/08/2022,26/08/2022,27/09/2022
PROYECTO INMOBILIARIO DEPARTAMENTAL,2154712048,DIA,Desistido,,Macul,Región Metropolitana,282.0,13/01/2022,20/01/2022,20/01/2022,03/03/2022,12/10/2022,12/10/2022,28/11/2022,28/11/2022,,
Plantel de Engorda de Ganado Bovino Fundo La Cañita-Codigua,2154416694,DIA,Aprobado,,Melipilla,Región Metropolitana,0.38,12/01/2022,19/01/2022,20/01/2022,01/03/2022,,,18/07/2022,02/02/2023,01/03/2023,24/03/2023
Parque Fotovoltaico Valentina Solar,2154770113,DIA,Aprobado,,Curacaví,Región Metropolitana,12.0,18/01/2022,21/01/2022,21/01/2022,04/03/2022,,,02/05/2022,16/08/2022,08/09/2022,07/10/2022
Ampliación Tauretes,2154759804,DIA,Aprobado,,Colina,Región Metropolitana,3.1,18/01/2022,21/01/2022,21/01/2022,03/03/2022,,,21/07/2022,18/11/2022,15/12/2022,09/01/2023
Monseñor Eyzaguirre,2154727927,DIA,Aprobado,,Ñuñoa,Región Metropolitana,63.925,14/01/2022,21/01/2022,21/01/2022,02/03/2022,,,17/05/2022,14/07/2022,11/08/2022,05/09/2022
Parque Solar Fotovoltaico Los Maitenes,2154768730,DIA,Aprobado,,Pirque,Región Metropolitana,20.0,18/01/2022,24/01/2022,24/01/2022,07/03/2022,,,29/07/2022,31/03/2023,21/04/2023,16/05/2023
Parque Quilicura,2154813946,DIA,Aprobado,,Quilicura,Región Metropolitana,100.0,28/01/2022,04/02/2022,04/02/2022,18/03/2022,10/08/2022,10/08/2022,05/09/2022,23/01/2023,10/02/2023,08/03/2023
Proyecto Inmobiliario Franklin 352,2154960272,DIA,Aprobado,,Santiago,Región Metropolitana,34.7502,03/02/2022,09/02/2022,09/02/2022,23/03/2022,,,20/05/2022,24/10/2022,15/11/2022,12/12/2022
EDIFICIOS VESPUCIO 4453,2154972647,DIA,Aprobado,,Macul,Región Metropolitana,43.4845,04/02/2022,09/02/2022,09/02/2022,23/03/2022,05/10/2022,05/10/2022,30/03/2023,28/09/2023,13/10/2023,09/11/2023
Operación de Pabellones de Crianza de Cerdos y Planta de Tratamiento de Purines Las Pircas,2155120441,DIA,Desistido,,Isla de Maipo,Región Metropolitana,1.05,10/02/2022,21/02/2022,21/02/2022,04/04/2022,,,04/11/2022,04/11/2022,,
Obras Parque Deportivo Juegos Panamericanos 2023 - Estadio Nacional,2155060157,DIA,No Admitido a Tramitación,,Ñuñoa,Región Metropolitana,91.5,07/02/2022,14/02/2022,,,,,,,,
"Mejora del desempeño ambiental del sistema de tratamiento de purines mediante biodigestor anaeróbico, y riego de flora nativa de la Granja de Cerdos Porkland",2155126466,DIA,Desistido,,Tiltil,Región Metropolitana,1.07,18/02/2022,,,,,,,,,
Obras de Urbanización Condominio El Golf,2154980205,DIA,Renuncia RCA,,Pudahuel,Región Metropolitana,10.0,15/02/2022,18/02/2022,21/02/2022,01/04/2022,,,31/05/2022,30/01/2023,24/02/2023,21/03/2023
Planta Solar Las Torres,2154986622,DIA,Aprobado,,Melipilla,Región Metropolitana,10.0,04/02/2022,18/02/2022,21/02/2022,30/03/2022,,,15/06/2022,08/09/2022,06/10/2022,02/11/2022
Ampliación Edificios Plaza Franklin,2155027509,DIA,No calificado,,Santiago,Región Metropolitana,47.0,15/02/2022,21/02/2022,21/02/2022,,,,,,,
Centro Logístico Vespucio,2155132866,DIA,Aprobado,,Pudahuel,Región Metropolitana,18.95,15/02/2022,21/02/2022,21/02/2022,01/04/2022,,,30/05/2022,03/11/2022,30/11/2022,28/12/2022
Proyecto Noviciado - Peralillo,2154777991,DIA,No calificado,,Lampa,Región Metropolitana,137.5677,20/01/2022,21/02/2022,21/02/2022,,,,,,,
Planta Solar Fotovoltaica Oro y Cielo,2155117958,DIA,No calificado,,"Colina, Tiltil",Región Metropolitana,72.0,18/02/2022,21/02/2022,21/02/2022,,,,,,,
Parque Fotovoltaico Chicha Solar,2155189414,DIA,Aprobado,,Curacaví,Región Metropolitana,12.0,18/02/2022,21/02/2022,21/02/2022,01/04/2022,,,01/06/2022,29/08/2022,28/09/2022,24/10/2022
Data Center SCL02-SCL03,2155167505,DIA,Aprobado,,Colina,Región Metropolitana,73.0,21/02/2022,24/02/2022,24/02/2022,06/04/2022,,,09/06/2022,05/08/2022,26/08/2022,27/09/2022
Vicuña Mackenna 2189,2155347709,DIA,Desistido,,San Joaquín,Región Metropolitana,30.0258,09/03/2022,16/03/2022,16/03/2022,28/04/2022,,,,,,
Prat-Eyzaguirre,2155348317,DIA,Aprobado,,Santiago,Región Metropolitana,34.8,09/03/2022,15/03/2022,15/03/2022,27/04/2022,,,20/07/2022,06/10/2022,26/10/2022,18/11/2022
Lo Valledor ? Mercado de Abastos y Outlet,2155431535,DIA,Desistido,,Pedro Aguirre Cerda,Región Metropolitana,117.0,18/03/2022,23/03/2022,23/03/2022,04/05/2022,,,28/06/2022,20/09/2022,,
Incorporación de unidad de osmosis inversa al tratamiento de Riles existente,2155284857,DIA,Aprobado,,Tiltil,Región Metropolitana,0.3,11/03/2022,15/03/2022,17/03/2022,03/05/2022,,,01/08/2022,14/10/2022,11/11/2022,06/12/2022
"Mejora del desempeño ambiental del sistema de tratamiento de purines mediante biodigestor anaeróbico, y riego de flora nativa de la Granja de Cerdos Porkland",2155206896,DIA,No calificado,,Tiltil,Región Metropolitana,1.07,01/03/2022,21/03/2022,22/03/2022,,,,,,,
"Ampliación Capacidad de Producción, Planta Quilicura",2155164437,DIA,No calificado,,Quilicura,Región Metropolitana,168.0,18/03/2022,23/03/2022,24/03/2022,,,,,,,
Nueva Línea 2x110 Kv Alto Melipilla ? Bajo Melipilla Tendido del Primer Circuito,2155431343,DIA,Aprobado,,Melipilla,Región Metropolitana,3.048,18/03/2022,23/03/2022,24/03/2022,05/05/2022,,,16/08/2022,09/01/2023,03/02/2023,28/02/2023
Ampliación Waykú,2155416758,DIA,Aprobado,,Huechuraba,Región Metropolitana,86.0491,29/03/2022,04/04/2022,05/04/2022,17/05/2022,02/09/2022,02/09/2022,27/01/2023,23/06/2023,14/07/2023,09/08/2023
RESTAURANTE PORTALES,2155586352,DIA,Desistido,,Santiago,Región Metropolitana,0.01,06/04/2022,,,,,,,,,
Ampliación Packing Merquén SpA,2155513625,DIA,No Admitido a Tramitación,,Paine,Región Metropolitana,11.2,31/03/2022,07/04/2022,,,,,,,,
Modificación Conjunto Armónico Oasis de Riesco,2155528774,DIA,Aprobado,,Las Condes,Región Metropolitana,30.0,31/03/2022,07/04/2022,07/04/2022,20/05/2022,,,28/06/2022,11/10/2022,26/10/2022,18/11/2022
Actualización Planta Mamut,2155585668,DIA,Desistido,,San Joaquín,Región Metropolitana,0.02,07/04/2022,,,,,,,,,
Proyecto Residencial La Catana,2155565609,DIA,Aprobado,,Colina,Región Metropolitana,20.0,05/04/2022,11/04/2022,11/04/2022,24/05/2022,,,24/02/2023,15/09/2023,29/09/2023,25/10/2023
"Plataforma de manejo de residuos para reciclaje y valorización energética, COACTIVA SPA",2155642058,DIA,Desistido,,Tiltil,Región Metropolitana,7.0,14/04/2022,20/04/2022,20/04/2022,,,,,,,
Ampliación y Regularización Planta IDEAL Quilicura,2155457821,DIA,Aprobado,,Quilicura,Región Metropolitana,11.2,22/03/2022,19/04/2022,19/04/2022,11/07/2022,,,08/09/2022,16/11/2022,09/12/2022,30/12/2022
Planta Solar El Trigal,2155533156,DIA,Aprobado,,Melipilla,Región Metropolitana,10.0,31/03/2022,19/04/2022,19/04/2022,31/05/2022,,,12/08/2022,24/10/2022,25/11/2022,20/12/2022
Extracción Mecanizada Áridos Normalizados Río Maipo Limitada,2155615655,DIA,Desistido,,Buin,Región Metropolitana,0.4,20/04/2022,27/04/2022,27/04/2022,08/06/2022,,,,,,
Actualización Planta Mamut,2155629719,DIA,Aprobado,,San Joaquín,Región Metropolitana,0.02,13/04/2022,20/04/2022,20/04/2022,01/06/2022,,,15/07/2022,28/10/2022,25/11/2022,20/12/2022
Ampliación Packing Merquén SpA,2155644628,DIA,Aprobado,,Paine,Región Metropolitana,11.2,14/04/2022,20/04/2022,21/04/2022,01/06/2022,,,31/08/2022,25/11/2022,15/12/2022,09/01/2023
Parque Solar Fotovoltaico El Paico,2155646254,DIA,No Admitido a Tramitación,,El Monte,Región Metropolitana,20.0,14/04/2022,21/04/2022,,,,,,,,
Parque Fotovoltaico Santa Marta,2155667498,DIA,Aprobado,,Talagante,Región Metropolitana,10.0,18/04/2022,21/04/2022,22/04/2022,02/06/2022,,,21/10/2022,13/03/2023,06/04/2023,02/05/2023
Planta de Despelonado y Secado de Nueces,2155665051,DIA,Aprobado,,Alhué,Región Metropolitana,7.0,18/04/2022,22/04/2022,22/04/2022,03/06/2022,,,30/09/2022,30/01/2023,24/02/2023,21/03/2023
Centro Logístico Laguna Sur,2155638947,DIA,Aprobado,,"Maipú, Pudahuel",Región Metropolitana,33.0,18/04/2022,22/04/2022,22/04/2022,03/06/2022,,,26/08/2022,17/02/2023,10/03/2023,05/04/2023
Aquiluz Solar,2155644762,DIA,Aprobado,,Paine,Región Metropolitana,12.1598,18/04/2022,22/04/2022,22/04/2022,03/06/2022,06/09/2022,06/09/2022,14/11/2022,23/02/2023,10/03/2023,05/04/2023
Reubicación Pila N°3,2155604412,DIA,Aprobado,,Pudahuel,Región Metropolitana,5.5,19/04/2022,25/04/2022,25/04/2022,06/06/2022,25/11/2022,25/11/2022,10/02/2023,20/07/2023,10/08/2023,04/09/2023
Pedro de Valdivia 4400,2155704331,DIA,Desistido,,Ñuñoa,Región Metropolitana,46.7589,28/04/2022,,,,,,,,,
"Condominios Los Agustinos, Don Manuel y Tres Piedras",2155625933,DIA,Desistido,,Quilicura,Región Metropolitana,45.0,03/05/2022,10/05/2022,10/05/2022,22/06/2022,02/12/2022,02/12/2022,31/01/2023,31/01/2023,,
Proyecto Lote K Etapa 1 y 2 San Bernardo,2155842624,DIA,Aprobado,,San Bernardo,Región Metropolitana,18.135,10/05/2022,17/05/2022,18/05/2022,30/06/2022,,,05/08/2022,28/02/2023,24/03/2023,19/04/2023
Ampelo Solar,2155644725,DIA,Aprobado,,Paine,Región Metropolitana,6.5419,09/05/2022,18/05/2022,19/05/2022,30/06/2022,,,25/10/2022,26/01/2023,01/03/2023,24/03/2023
Club Padel Curacaví,2155901788,DIA,Desistido,,Curacaví,Región Metropolitana,0.048,18/05/2022,,,,,,,,,
"Extracción de Áridos  Km 4,5 a 5,5 Ribera sur Río Maipo",2156269603,DIA,Desistido,,Buin,Región Metropolitana,0.2,14/06/2022,20/06/2022,20/06/2022,03/08/2022,,,19/12/2022,07/09/2023,,
Regularizacion Sistema de Riego con Agua tratada de RILES,2155884729,DIA,Desistido,,Lampa,Región Metropolitana,0.0955,20/06/2022,,,,,,,,,
Modificación Sistema de Tratamiento de RILES Viña BPHR,2156294021,DIA,Aprobado,,Buin,Región Metropolitana,3.0353,17/06/2022,20/06/2022,22/06/2022,03/08/2022,,,21/10/2022,06/02/2023,01/03/2023,24/03/2023
"Plataforma de Manejo de Residuos para Reciclaje y Valorización Energética, Coactiva SpA",2156299844,DIA,Aprobado,,Tiltil,Región Metropolitana,7.0,17/06/2022,20/06/2022,22/06/2022,03/08/2022,,,29/12/2022,22/05/2023,15/06/2023,12/07/2023
Ampliación de la PTAS Paine,2156277164,DIA,Aprobado,,Paine,Región Metropolitana,8.7163,17/06/2022,22/06/2022,22/06/2022,04/08/2022,,,19/04/2023,28/12/2023,09/02/2024,11/03/2024
Proyecto Línea de Alta Tensión y Subestación Santa Teresa,2155916312,DIA,Aprobado,,Lampa,Región Metropolitana,30.528,17/06/2022,22/06/2022,22/06/2022,04/08/2022,29/11/2022,29/11/2022,28/02/2023,03/08/2023,25/08/2023,25/09/2023
Proyecto Parque Fotovoltaico Zeus Solar,2156300681,DIA,Aprobado,,Lampa,Región Metropolitana,12.8,18/06/2022,22/06/2022,23/06/2022,04/08/2022,,,07/12/2022,05/04/2023,05/05/2023,30/05/2023
Pedro de Valdivia 4400,2156323626,DIA,Desistido,,Ñuñoa,Región Metropolitana,46.7589,24/06/2022,04/07/2022,05/07/2022,16/08/2022,,,30/03/2023,30/03/2023,,
PROYECTO HABITACIONAL VICUÑA MACKENNA,2155986602,DIA,Aprobado,,La Florida,Región Metropolitana,48.0,24/06/2022,30/06/2022,30/06/2022,11/08/2022,,,13/02/2023,07/07/2023,28/07/2023,23/08/2023
Condominio Aysén 115 - III,2156299892,DIA,Aprobado,,Macul,Región Metropolitana,35.0,23/06/2022,01/07/2022,01/07/2022,11/08/2022,16/12/2022,16/12/2022,22/03/2023,08/08/2023,08/09/2023,10/10/2023
"Segunda Etapa, Obras complementarias Centro Industrial Parque Capital",2156365878,DIA,Aprobado,,Lampa,Región Metropolitana,46.59,30/06/2022,06/07/2022,07/07/2022,18/08/2022,23/01/2023,23/01/2023,28/02/2023,27/05/2024,13/06/2024,15/07/2024
Edificio Independencia,2156386132,DIA,Aprobado,,Conchalí,Región Metropolitana,35.0,01/07/2022,06/07/2022,07/07/2022,18/08/2022,,,07/11/2022,22/05/2023,15/06/2023,12/07/2023
Planta de Transformación de Residuos Agroindustriales Agrícola Regia,2156498335,DIA,Desistido,,Paine,Región Metropolitana,0.3,18/07/2022,22/07/2022,22/07/2022,05/09/2022,,,,,,
ISA Cerrillos,2156448423,DIA,Aprobado,,Cerrillos,Región Metropolitana,23.3246,12/07/2022,18/07/2022,19/07/2022,30/08/2022,,,15/11/2022,16/01/2023,10/02/2023,07/03/2023
Regularización de Planta Tratamiento de Riles,2156449212,DIA,Aprobado,,Tiltil,Región Metropolitana,0.05,18/07/2022,20/07/2022,20/07/2022,01/09/2022,,,03/02/2023,25/08/2023,08/09/2023,10/10/2023
Edificio Maimónides,2156472089,DIA,Aprobado,,Santiago,Región Metropolitana,24.9695,13/07/2022,20/07/2022,20/07/2022,01/09/2022,,,20/01/2023,24/03/2023,06/04/2023,03/05/2023
Santuario de la Quebrada,2156521355,DIA,Desistido,,Lo Barnechea,Región Metropolitana,29.846,20/07/2022,26/07/2022,26/07/2022,07/09/2022,16/01/2023,16/01/2023,,,,
Parque Fotovoltaico Cousiño,2156496461,DIA,Aprobado,,"Buin, Paine",Región Metropolitana,8.0,18/07/2022,21/07/2022,21/07/2022,02/09/2022,14/12/2022,14/12/2022,01/02/2023,06/06/2023,30/06/2023,25/07/2023
Parque Solar Fotovoltaico El Paico,2156504890,DIA,Aprobado,,El Monte,Región Metropolitana,20.0,18/07/2022,21/07/2022,21/07/2022,02/09/2022,,,26/12/2022,03/08/2023,25/08/2023,25/09/2023
Centro de Almacenamiento de Datos Puente Alto,2156418711,DIA,Desistido,,Puente Alto,Región Metropolitana,205.0,27/07/2022,03/08/2022,03/08/2022,14/09/2022,,,,,,
Cumbre de Girasoles,2156496518,DIA,Aprobado,,Huechuraba,Región Metropolitana,17.8155,21/07/2022,27/07/2022,28/07/2022,08/09/2022,,,24/10/2022,15/03/2023,06/04/2023,02/05/2023
Estudio Geo Científico Norte,2156493482,DIA,No calificado,,San José de Maipo,Región Metropolitana,3.0,26/07/2022,02/08/2022,02/08/2022,,,,,,,
Parque Fotovoltaico El Bautizo,2156645773,DIA,Aprobado,,Tiltil,Región Metropolitana,12.0,05/08/2022,18/08/2022,19/08/2022,28/09/2022,,,27/04/2023,20/10/2023,17/11/2023,13/12/2023
Modernización Planta Melifeed,2156455057,DIA,No Admitido a Tramitación,,Melipilla,Región Metropolitana,5.24,22/07/2022,19/08/2022,,,,,,,,
Proyecto Planta Solar Santa Isidora,2156683710,DIA,Aprobado,,Calera de Tango,Región Metropolitana,10.0,17/08/2022,22/08/2022,22/08/2022,05/10/2022,,,24/02/2023,30/05/2023,30/06/2023,25/07/2023
Regularizacion Sistema de Riego con agua tratada de RILES,2156687722,DIA,No calificado,,Lampa,Región Metropolitana,0.0955,16/08/2022,22/08/2022,22/08/2022,,,,,,,
TRANQUE LA CABAÑA,2156750797,DIA,No Admitido a Tramitación,,San Pedro,Región Metropolitana,0.3564,18/08/2022,24/08/2022,,,,,,,,
Bodegas Almacenamiento Productos de Sustancias Peligrosas,2156255713,DIA,Desistido,,Padre Hurtado,Región Metropolitana,1.051,31/08/2022,,,,,,,,,
TRANQUE LA CABAÑA,2156868596,DIA,Desistido,,San Pedro,Región Metropolitana,0.3564,31/08/2022,22/09/2022,22/09/2022,08/11/2022,,,10/02/2023,24/07/2023,11/08/2023,
Regularización de Actividades Banco Arenero Preexistente Sociedad Catalán Herrera Hermanos y Cía. Ltda.,2156817670,DIA,No Admitido a Tramitación,,San José de Maipo,Región Metropolitana,0.03,25/08/2022,01/09/2022,,,,,,,,
Centro Logístico Nuevo Maipú,2156899128,DIA,Desistido,,Maipú,Región Metropolitana,3.5,02/09/2022,09/09/2022,09/09/2022,26/10/2022,,,31/05/2023,30/11/2023,,
Los Sauces,2156786332,DIA,Desistido,,Huechuraba,Región Metropolitana,41.287,06/09/2022,13/09/2022,13/09/2022,28/10/2022,,,20/10/2023,28/06/2024,26/07/2024,
Zañartu 1076,2156901999,DIA,Aprobado,,Ñuñoa,Región Metropolitana,4.6244,07/09/2022,13/09/2022,13/09/2022,27/10/2022,,,28/11/2022,01/02/2023,24/02/2023,21/03/2023
Parque Solar Polpaico,2156948589,DIA,Desistido,,Tiltil,Región Metropolitana,7.2,14/09/2022,21/09/2022,22/09/2022,07/11/2022,,,08/03/2023,08/03/2023,,
Aldea del Encuentro,2156937860,DIA,Aprobado,,La Reina,Región Metropolitana,11.6706,12/09/2022,20/09/2022,21/09/2022,04/11/2022,,,02/12/2022,22/02/2023,24/03/2023,19/04/2023
Dúcula Solar,2157129745,DIA,Aprobado,,Lampa,Región Metropolitana,10.0,15/09/2022,21/09/2022,22/09/2022,07/11/2022,,,06/01/2023,08/03/2023,29/03/2023,26/04/2023
Centro Logístico Padre Hurtado,2157117908,DIA,Aprobado,,Padre Hurtado,Región Metropolitana,4.5,14/09/2022,22/09/2022,22/09/2022,03/11/2022,30/01/2023,30/01/2023,09/03/2023,30/06/2023,28/07/2023,23/08/2023
Centro de Almacenamiento de Datos Padre Hurtado,2156924955,DIA,Aprobado,,Padre Hurtado,Región Metropolitana,205.0,13/09/2022,22/09/2022,22/09/2022,08/11/2022,,,28/03/2023,06/12/2023,29/12/2023,24/01/2024
Centro de acopio con clasificación y separación de residuos Trabún,2156865524,DIA,Aprobado,,Quilicura,Región Metropolitana,1.0,31/08/2022,22/09/2022,23/09/2022,08/11/2022,,,22/05/2023,14/09/2023,13/10/2023,10/11/2023
Edificio Brasil 1290,2157136003,DIA,Aprobado,,Santiago,Región Metropolitana,46.5968,23/09/2022,29/09/2022,29/09/2022,11/11/2022,,,13/04/2023,01/09/2023,29/09/2023,25/10/2023
Patios de Nibsa,2157169601,DIA,Aprobado,,San Joaquín,Región Metropolitana,26.287,26/09/2022,03/10/2022,04/10/2022,17/11/2022,,,24/03/2023,01/06/2023,30/06/2023,25/07/2023
Patios de Berlioz,2157169610,DIA,Aprobado,,San Joaquín,Región Metropolitana,19.884,26/09/2022,03/10/2022,04/10/2022,17/11/2022,,,16/03/2023,23/05/2023,15/06/2023,12/07/2023
Modernización Planta Melifeed,2157265685,DIA,Desistido,,Melipilla,Región Metropolitana,5.24,18/10/2022,21/10/2022,21/10/2022,27/01/2023,,,,,,
Ampliación Centro de Distribución Ariztía (CDPO),2156938190,DIA,Aprobado,,Cerrillos,Región Metropolitana,11.8,05/10/2022,18/10/2022,18/10/2022,01/12/2022,,,28/02/2023,10/05/2023,02/06/2023,28/06/2023
PARQUE SOLAR COLINA,2155857104,DIA,Desistido,,Colina,Región Metropolitana,80.0,18/10/2022,21/10/2022,21/10/2022,06/12/2022,,,,,,
DIA Centro Logístico Portland,2156843981,DIA,Aprobado,,Colina,Región Metropolitana,80.1905,13/10/2022,18/10/2022,18/10/2022,01/12/2022,,,22/06/2023,21/12/2023,12/01/2024,05/02/2024
Parque Solar Fotovoltaico Las Violetas,2157311880,DIA,Aprobado,,Padre Hurtado,Región Metropolitana,20.0,18/10/2022,20/10/2022,21/10/2022,02/12/2022,,,02/02/2023,24/04/2023,05/05/2023,30/05/2023
Regularización planta industrial EDELPA,2157128868,DIA,No calificado,,Maipú,Región Metropolitana,1.4198,21/09/2022,21/10/2022,21/10/2022,,,,,,,
Proyecto Habitacional Diagonal La Estrella,2157315177,DIA,Aprobado,,Pudahuel,Región Metropolitana,17.7599,19/10/2022,24/10/2022,24/10/2022,07/12/2022,,,10/03/2023,31/05/2023,30/06/2023,25/07/2023
Conjunto Habitacional Viñedos de Alto Jahuel.,2157351434,DIA,Aprobado,,Buin,Región Metropolitana,62.0,24/10/2022,02/11/2022,03/11/2022,15/12/2022,,,23/06/2023,25/10/2023,17/11/2023,13/12/2023
Vivienda en zona de preservación ecológica,2157547078,DIA,Desistido,,Colina,Región Metropolitana,0.05,04/11/2022,,,,,,,,,
Lotes F2 y F3 CPB Cerrillos,2157394572,DIA,Aprobado,,Cerrillos,Región Metropolitana,56.1464,02/11/2022,08/11/2022,09/11/2022,20/12/2022,,,13/03/2023,24/05/2023,15/06/2023,12/07/2023
San Francisco 301,2157607784,DIA,Aprobado,,Santiago,Región Metropolitana,33.1536,08/11/2022,14/11/2022,15/11/2022,27/12/2022,,,27/02/2023,30/06/2023,28/07/2023,23/08/2023
PFV Alto Jahuel Solar,2157695433,DIA,Aprobado,,Buin,Región Metropolitana,7.0,18/11/2022,23/11/2022,24/11/2022,14/03/2023,,,03/11/2023,22/03/2024,05/04/2024,02/05/2024
La Araucaria Norte - Lote RN1,2157847274,DIA,Desistido,,Colina,Región Metropolitana,50.0,06/12/2022,,,,,,,,,
La Araucaria Norte - Lote RN1,2157912324,DIA,Aprobado,,Colina,Región Metropolitana,50.0,12/12/2022,15/12/2022,15/12/2022,26/01/2023,,,15/05/2023,28/07/2023,25/08/2023,25/09/2023
Actualización de Planta Comercializadora de Encurtidos y Aceitunas La Tiltilana,2157933866,DIA,Desistido,,Tiltil,Región Metropolitana,0.12,15/12/2022,21/12/2022,22/12/2022,,,,,,,
Línea de Alta Tensión Huechuraba,2157949519,DIA,Desistido,,Huechuraba,Región Metropolitana,5.0,16/12/2022,21/12/2022,22/12/2022,,,,,,,
Parque Fotovoltaico Isidora Solar,2157938017,DIA,Aprobado,,Lampa,Región Metropolitana,7.8,16/12/2022,21/12/2022,21/12/2022,02/02/2023,,,06/11/2023,16/08/2024,10/09/2024,07/10/2024
Ampliación Planta de Tratamiento de Aguas Servidas Pomaire,2157846905,DIA,Aprobado,,Melipilla,Región Metropolitana,1.9,16/12/2022,21/12/2022,22/12/2022,02/02/2023,,,23/10/2023,28/02/2024,22/03/2024,17/04/2024
Línea de Alta Tensión Padre Hurtado,2157948797,DIA,No calificado,,Padre Hurtado,Región Metropolitana,1.0,16/12/2022,21/12/2022,22/12/2022,,,,,,,
Regularización Centro Logístico Puerto Madero,2157980543,DIA,Desistido,,Pudahuel,Región Metropolitana,50.038,29/12/2022,18/01/2023,18/01/2023,01/03/2023,,,30/10/2023,11/03/2024,05/04/2024,
Proyecto Residencial Walker Martínez N°880,2158011351,DIA,Aprobado,,La Florida,Región Metropolitana,35.0,23/12/2022,30/12/2022,30/12/2022,13/02/2023,,,10/05/2023,06/07/2023,28/07/2023,23/08/2023
Centro de Almacenamiento de Datos Huechuraba,2156924976,DIA,Aprobado,,Huechuraba,Región Metropolitana,205.0,13/01/2023,18/01/2023,18/01/2023,01/03/2023,09/06/2023,09/06/2023,03/11/2023,27/05/2024,19/06/2024,17/07/2024
DIA PROYECTO -PMGD AGGREKO 01 - Expansión,2157743093,DIA,Desistido,,Quilicura,Región Metropolitana,9.0,18/01/2023,20/01/2023,20/01/2023,15/05/2023,,,,,,
"Continuidad Operacional Extracción de Áridos Km 6,5 a Km 8 Ribera Norte Río Maipo",2158474137,DIA,Desistido,,San Bernardo,Región Metropolitana,0.2,20/01/2023,27/01/2023,30/01/2023,10/03/2023,11/07/2023,11/07/2023,16/11/2023,14/08/2024,10/09/2024,
Implementación sistema de tratamiento de riles Planta Isla de Maipo,2158008154,DIA,Aprobado,,Isla de Maipo,Región Metropolitana,0.025,23/12/2022,20/01/2023,20/01/2023,03/03/2023,13/06/2023,13/06/2023,31/08/2023,14/12/2023,12/01/2024,05/02/2024
Vía Limpia PLUS - Planta Regeneración de Aceites Lubricantes,2158440405,DIA,Aprobado,,Lampa,Región Metropolitana,30.0,17/01/2023,20/01/2023,20/01/2023,03/03/2023,07/06/2023,07/06/2023,24/08/2023,20/02/2024,21/03/2024,17/04/2024
